name,nse_tradingsymbol,bse_tradingsymbol,nse_instrument_token,bse_instrument_token
20 Microns Limited,20MICRONS,20MICRONS,4331777,136453636
21st Century Management Services Limited,21STCENMGM,21STCENMGM,1025,134891780
3M India Limited,3MINDIA,3MINDIA,121345,133989124
3P Land Holdings Limited,3PLAND,3PLAND,664321,132119556
5Paisa Capital Limited,5PAISA,5PAISA,113921,138438660
Aarti Drugs Limited,AARTIDRUGS,AARTIDRUGS,1147137,134233092
Aarti Industries Limited,AARTIIND,AARTIIND,1793,134197252
Aarti Surfactants Limited,AARTISURF,AARTISURF,4923649,139061764
Aavas Financiers Limited,AAVAS,AAVAS,1378561,138748932
ABB India Limited,ABB,ABB,3329,128000516
Abbott India Limited,ABBOTINDIA,ABBOTINDIA,4583169,128124932
Aditya Birla Capital Limited,ABCAPITAL,ABCAPITAL,5533185,138416900
Aditya Birla Fashion and Retail Limited,ABFRL,ABFRL,7707649,137153284
ACC Limited,ACC,ACC,5633,128104964
Accelya Solutions India Limited,ACCELYA,ACCELYA,1805569,136260612
Action Construction Equipment Limited,ACE,ACE,3478273,136387076
Acrysil Limited,ACRYSIL,ACRYSIL,481025,134167300
Adani Enterprises Limited,ADANIENT,ADANIENT,6401,131225348
Adani Ports and Special Economic Zone Limited,ADANIPORTS,ADANIPORTS,3861249,136427780
ADF Foods Limited,ADFFOODS,ADFFOODS,5058817,132910852
Ador Welding Limited,ADORWELD,ADORWELD,8705,132362500
Adroit Infotech Limited,ADROITINFO,ADROITINFO,1267969,136236036
Allied Digital Services Limited,ADSL,ADSL,3792129,136416004
Advani Hotels & Resorts (India) Limited,ADVANIHOTR,ADVANIHOTR,3774721,133956868
Advanced Enzyme Technologies Limited,ADVENZYMES,ADVENZYMES,4617985,138246404
Aegis Logistics Limited,AEGISCHEM,AEGISLOG,10241,128000772
Agarwal Industrial Corporation Limited,AGARIND,AGARIND,867585,136171780
Agri-Tech (India) Limited,AGRITECH,AGRITECH,2834433,137546756
Asian Hotels (East) Limited,AHLEAST,AHLEAST,4976129,136506116
Ahluwalia Contracts (India) Limited,AHLUCONT,AHLUCONT,4565249,136399620
Asian Hotels (West) Limited,AHLWEST,AHLWEST,4957697,136504580
AIA Engineering Limited,AIAENG,AIAENG,3350017,136366852
Ajanta Pharma Limited,AJANTPHARM,AJANTPHARM,2079745,136276740
Ajmera Realty & Infra India Limited,AJMERA,AJMERA,4430593,131417348
AksharChem India Limited,AKSHARCHEM,AKSCHEM,5165569,134297092
Akzo Nobel India Limited,AKZOINDIA,AKZOINDIA,375553,128181764
Alankit Limited,ALANKIT,ALANKIT,2539777,135956996
Albert David Limited,ALBERTDAVD,ALBERTDA,4417537,134163204
Alembic Limited,ALEMBICLTD,ALEMBICLTD,20225,129596164
Alicon Castalloy Limited,ALICON,ALICON,3495937,135973636
Alkali Metals Limited,ALKALI,ALKALI,4341505,136455428
Alkem Laboratories Limited,ALKEM,ALKEM,2995969,138117892
Alkyl Amines Chemicals Limited,ALKYLAMINE,ALKYLAMINE,1148673,129732356
Allcargo Logistics Limited,ALLCARGO,ALLCARGO,3456257,136383748
Allsec Technologies Limited,ALLSEC,ALLSEC,3020289,136354052
Almondz Global Securities Limited,ALMONDZ,ALMONDZ,4280065,136038404
Alok Industries Limited,ALOKINDS,ALOKTEXT,4524801,133393924
Alphageo (India) Limited,ALPHAGEO,ALPHAGEO,3736833,134757636
Amara Raja Batteries Limited,AMARAJABAT,AMARAJABAT,25601,128002052
Amber Enterprises India Limited,AMBER,AMBER,303361,138470916
Ambica Agarbathies & Aroma industries Limited,AMBICAAGAR,AMBICAAGAR,2942977,136277764
Ambika Cotton Mills Limited,AMBIKCO,AMBIKCO,3899905,136186372
Ambuja Cements Limited,AMBUJACEM,AMBUJACEM,325121,128108804
AMD Industries Limited,AMDIND,AMDIND,3685889,136403972
Amj Land Holdings Limited,AMJLAND,AMJLAND,665089,128087812
Amrutanjan Health Care Limited,AMRUTANJAN,AMRUTANJAN,4492033,151041540
ANDHRA PAPER LIMITED,ANDHRAPAP,ANDHRAPAP,42497,128596484
The Andhra Sugars Limited,ANDHRSUGAR,ANDHRSUGAR,34817,151055876
Angel Broking Limited,ANGELBRKG,ANGELBRKG,82945,139068164
Anik Industries Limited,ANIKINDS,ANIKINDS,4264193,132962052
Anmol India Limited,ANMOL,ANMOL,954113,138863876
Ansal Housing Limited,ANSALHSG,ANSALHSG,3500289,130003972
The Anup Engineering Limited,ANUP,ANUP,2307585,138869764
Anupam Rasayan India Limited,ANURAS,ANURAS,724225,139078404
Apar Industries Limited,APARINDS,APARINDS,2941697,136258308
Anjani Portland Cement Limited,APCL,APCL,5235969,132631300
Apcotex Industries Limited,APCOTEXIND,APCOTEXIND,39425,134065668
Apex Frozen Foods Limited,APEX,APEX,5535489,138417156
APL Apollo Tubes Limited,APLAPOLLO,APLAPOLLO,6599681,136642052
Alembic Pharmaceuticals Limited,APLLTD,APLLTD,6483969,136594692
Apollo Micro Systems Limited,APOLLO,APOLLO,290305,138465028
Apollo Hospitals Enterprise Limited,APOLLOHOSP,APOLLOHOSP,40193,130270468
Apollo Pipes Limited,APOLLOPIPE,APOLLOPIPES,3676417,136130820
Apollo Tyres Limited,APOLLOTYRE,APOLLOTYRE,41729,128224516
Aptech Limited,APTECHT,APTECHT,2753281,136313604
Archies Limited,ARCHIES,ARCHIES,1456129,136246276
Rajdarshan Industries Limited,ARENTERP,ARENTERP,46337,134825476
Aries Agro Limited,ARIES,ARIES,3892225,136431364
Arman Financial Services Limited,ARMANFIN,ARMANFIN,4419329,135981828
Aro Granite Industries Limited,AROGRANITE,AROGRANITE,3726593,131514628
Arshiya Limited,ARSHIYA,ARSHIYA,4562177,129554948
Arvind Limited,ARVIND,ARVIND,49409,128025860
Arvind Fashions Limited,ARVINDFASN,ARVINDFASN,2332417,138875908
Arvind SmartSpaces Limited,ARVSMART,ARVSMART,2676993,138061060
Asahi India Glass Limited,ASAHIINDIA,ASAHIINDIA,1376769,131847684
Asahi Songwon Colors Limited,ASAHISONG,ASAHISONG,6422529,136410372
Automotive Stampings and Assemblies Limited,ASAL,ASAL,2722305,133150468
Associated Alcohols & Breweries Ltd.,ASALCBR,ASALCBR,4505089,129926660
Ashiana Housing Limited,ASHIANA,ASHIANA,6247169,134071300
Ashoka Buildcon Limited,ASHOKA,ASHOKA,5166593,136517380
Ashok Leyland Limited,ASHOKLEY,ASHOKLEY,54273,128122116
Asian Hotels (North) Limited,ASIANHOTNR,ASIANHOTNR,4716033,128005892
Asian Paints Limited,ASIANPAINT,ASIANPAINT,60417,128209924
Asian Granito India Limited,ASIANTILES,ASIANTILES,3811585,136419332
Astec LifeSciences Limited,ASTEC,ASTEC,4538369,136483332
Aster DM Healthcare Limited,ASTERDM,ASTERDM,386049,138489604
Astral Limited,ASTRAL,ASTRAL,3691009,136404484
Astra Microwave Products Limited,ASTRAMICRO,ASTRAMICRO,2974209,136318212
AstraZeneca Pharma India Limited,ASTRAZEN,ASTRAZEN,1436161,129745924
Astron Paper & Board Mill Limited,ASTRON,ASTRON,223745,138450948
Agro Tech Foods Limited,ATFL,ATFL,425729,128055044
Atul Limited,ATUL,ATUL,67329,128006916
Atul Auto Limited,ATULAUTO,ATULAUTO,7685889,136139524
AU Small Finance Bank Limited,AUBANK,AUBANK,5436929,138396420
Aurionpro Solutions Limited,AURIONPRO,AURIONPRO,3077633,136363012
Aurobindo Pharma Limited,AUROPHARMA,AUROPHARMA,70401,134349828
Ausom Enterprise Limited,AUSOMENT,AUSOMENT,1033473,130306308
Automotive Axles Limited,AUTOAXLES,AUTOAXLES,71169,129282564
Avadh Sugar & Energy Limited,AVADHSUGAR,AVADHSUGAR,5479937,138406148
Avanti Feeds Limited,AVANTIFEED,AVANTI,2031617,131218692
AVT Natural Products Limited,AVTNPL,AVTNPL,3586049,132890884
Antony Waste Handling Cell Limited,AWHCL,AWHCL,460033,139073028
Axis Bank Limited,AXISBANK,AXISBANK,1510401,136247044
AYM Syntex Limited,AYMSYNTEX,AYMSYNTEX,2632961,130286852
Bafna Pharmaceuticals Limited,BAFNAPH,BAFNAPHARM,4541953,136445188
Bajaj Auto Limited,BAJAJ-AUTO,BAJAJ-AUTO,4267265,136442116
Bajaj Consumer Care Limited,BAJAJCON,BAJAJCON,4999937,136506628
Bajaj Electricals Limited,BAJAJELEC,BAJAJELEC,3848705,128007940
Bajaj Finserv Limited,BAJAJFINSV,BAJAJFINSV,4268801,136442372
Bajaj Hindusthan Sugar Limited,BAJAJHIND,BAJAJHIND,78849,128008196
Bajaj Holdings & Investment Limited,BAJAJHLDNG,BAJAJHLDNG,78081,128125444
Bajaj Finance Limited,BAJFINANCE,BAJFINANCE,81153,128008708
Balaji Telefilms Limited,BALAJITELE,BALAJITELE,2344449,136289796
Balaji Amines Limited,BALAMINES,BALAMINES,3712257,135935748
Balkrishna Industries Limited,BALKRISIND,BALKRISIND,85761,128602884
Balmer Lawrie & Company Limited,BALMLAWRIE,BALMLAWRIE,86529,133969668
Balrampur Chini Mills Limited,BALRAMCHIN,BALRAMCHIN,87297,128009732
Banaras Beads Limited,BANARBEADS,BANARBEADS,88833,134873348
Bannari Amman Sugars Limited,BANARISUG,BANARISUG,89601,128010500
Banco Products (I) Limited,BANCOINDIA,BANCOINDIA,3553281,128009988
Bandhan Bank Limited,BANDHANBNK,BANDHANBNK,579329,138535172
Bang Overseas Limited,BANG,BANG,3917569,136434180
Bank of Baroda,BANKBARODA,BANKBARODA,1195009,136226308
Bank of India,BANKINDIA,BANKINDIA,1214721,136230148
Barbeque Nation Hospitality Limited,BARBEQUE,BARBEQUE,800513,139080452
BASF India Limited,BASF,BASF,94209,128010756
Bata India Limited,BATAINDIA,BATAINDIA,94977,128011012
Bayer Cropscience Limited,BAYERCROP,BAYERCROP,4589313,129608964
Bharat Bijlee Limited,BBL,BBL,3522817,129013764
Bombay Burmah Trading Corporation Limited,BBTC,BBTC,97281,128364804
Brightcom Group Limited,BCG,BCG,2261249,136286212
Bcl Industries Limited,BCLIND,BCLIL,643329,134228996
Bharat Dynamics Limited,BDL,BDL,548865,138532612
Mrs. Bectors Food Specialities Limited,BECTORFOOD,BECTORFOOD,416769,139072772
Bharat Electronics Limited,BEL,BEL,98049,128012548
BEML Limited,BEML,BEML,101121,128012292
Bhansali Engineering Polymers Limited,BEPL,BEPL,107265,128013316
Berger Paints (I) Limited,BERGEPAINT,BERGEPAINT,103425,130426884
Best Agrolife Limited,BESTAGRO,BESTAGRO,590337,138152964
BF Investment Limited,BFINVEST,BFINVEST,5404929,136525572
BF Utilities Limited,BFUTILITIE,BFUTILITIE,3729153,136302084
BGR Energy Systems Limited,BGRENERGY,BGRENERGY,3888385,136430084
Bhageria Industries Limited,BHAGERIA,BHAGIL,3430401,135885572
Bhagyanagar India Limited,BHAGYANGR,BHAGYNAGAR,5318657,131147780
Bhagyanagar Properties Limited,BHAGYAPROP,BHAGYAPROP,5460993,138398980
Bhandari Hosiery Exports Limited,BHANDARI,BHANDHOS,5006337,131227652
Bharat Forge Limited,BHARATFORG,BHARATFORG,108033,128126212
Bharat Gears Limited,BHARATGEAR,BHARATGEAR,109057,129456132
Bharat Rasayan Limited,BHARATRAS,BHARATRAS,981505,151045380
Bharat Wire Ropes Limited,BHARATWIRE,BHARATWIRE,4127489,138188548
Bharti Airtel Limited,BHARTIARTL,BHARTIARTL,2714625,136308228
Bharat Heavy Electricals Limited,BHEL,BHEL,112129,128026372
Bigbloc Construction Limited,BIGBLOC,BIGBLOC,4718337,138255620
Oswal Chemicals & Fertilizers Limited,BINDALAGRO,BINDALAGRO,120577,138058244
Biocon Limited,BIOCON,BIOCON,2911489,136325892
Biofil Chemicals & Pharmaceuticals Limited,BIOFILCHEM,BIOFILCHEM,1058817,134245380
Birla Cable Limited,BIRLACABLE,BIRLACABLE,122113,128015364
Birla Corporation Limited,BIRLACORPN,BIRLACORPN,122881,128085764
Aditya Birla Money Limited,BIRLAMONEY,BIRLAMONEY,3901185,136441348
Birla Tyres Limited,BIRLATYRE,BIRLATYRES,4502017,138990596
BLB Limited,BLBLIMITED,BLBLIMITED,2081793,136266244
Bliss GVS Pharma Limited,BLISSGVS,BLISSGVS,4931841,129586436
B. L. Kashyap and Sons Limited,BLKASHYAP,BLKASHYAP,3402241,136376068
BLS International Services Limited,BLS,BLS,4423425,138258692
Blue Dart Express Limited,BLUEDART,BLUEDART,126721,134812676
Blue Star Limited,BLUESTARCO,BLUESTARCO,2127617,128017156
Bodal Chemicals Limited,BODALCHEM,BODALCHEM,6404353,134238724
Bombay Dyeing & Mfg Company Limited,BOMDYEING,BOMDYEING,131329,128005124
Borosil Limited,BOROLTD,BOROLTD,4966657,139062276
Bosch Limited,BOSCHLTD,BOSCHLTD,558337,128135684
Bharat Petroleum Corporation Limited,BPCL,BPCL,134657,128140036
BPL Limited,BPL,BPL,135681,128018948
Bombay Rayon Fashions Limited,BRFL,BRFL,3344897,136365572
Brigade Enterprises Limited,BRIGADE,BRIGADE,3887105,136429828
Britannia Industries Limited,BRITANNIA,BRITANNIA,140033,128211204
Bharat Road Network Limited,BRNL,BRNL,5550849,138419204
Brooks Laboratories Limited,BROOKS,BROOKS,6434817,136587012
BSEL Infrastructure Realty Limited,BSELINFRA,BSELINFRA,2469633,136223492
BSL Limited,BSL,BSL,143105,131595524
BIRLASOFT LIMITED,BSOFT,BSOFT,1790465,136294404
Burger King India Limited,BURGERKING,BURGERKING,382465,139071492
Cadila Healthcare Limited,CADILAHC,CADILAHC,2029825,136274180
Camlin Fine Sciences Limited,CAMLINFINE,CAMLINFINE,1591297,136405508
Computer Age Management Services Limited,CAMS,CAMS,87553,139067396
Canara Bank,CANBK,CANBK,2763265,136315652
Can Fin Homes Limited,CANFINHOME,CANFINHOME,149249,130866180
Cantabil Retail India Limited,CANTABIL,CANTABIL,5160961,136516356
Capacit'e Infraprojects Limited,CAPACITE,CAPACITE,5567745,138421764
Caplin Point Laboratories Limited,CAPLIPOINT,CAPPL,999937,134333956
Capital Trust Limited,CAPTRUST,CAPITALT,4978433,130945284
Carborundum Universal Limited,CARBORUNIV,CARBORUNIV,152321,131424004
Career Point Limited,CAREERP,CAREERP,5142017,136514564
CARE Ratings Limited,CARERATING,CARERATING,7452929,136909828
Castrol India Limited,CASTROLIND,CASTROLIND,320001,128222724
CCL Products (India) Limited,CCL,CCL,2931713,133017604
CEAT Limited,CEATLTD,CEATLTD,3905025,128224772
Commercial Engineers & Body Builders Co Limited,CEBBCO,CEBBCO,5177345,136517636
Celebrity Fashions Limited,CELEBRITY,CELEBRITY,3369473,136369924
Century Enka Limited,CENTENKA,CENTENKA,158465,128071684
Century Extrusions Limited,CENTEXT,CENTEXT,2946817,128021252
Central Bank of India,CENTRALBK,CENTRALBK,3812865,136418564
Centrum Capital Limited,CENTRUM,CENTRUM,628225,128294404
Centum Electronics Limited,CENTUM,CENTUM,3835393,132491268
Century Plyboards (India) Limited,CENTURYPLY,CENTURYPLY,3406081,136332292
Century Textiles & Industries Limited,CENTURYTEX,CENTURYTEX,160001,128010244
Cera Sanitaryware Limited,CERA,CERA,3849985,136305412
Cerebra Integrated Technologies Limited,CEREBRAINT,CEREBRAINT,7683073,136297732
CESC Limited,CESC,CESC,160769,128021508
Capri Global Capital Limited,CGCL,CGCL,5204225,136088324
Chalet Hotels Limited,CHALET,CHALET,2187777,138854148
Chambal Fertilizers & Chemicals Limited,CHAMBLFERT,CHAMBLFERT,163073,128021764
Chembond Chemicals Ltd,CHEMBOND,CHEMBOND,3742209,135902980
Chemcon Speciality Chemicals Limited,CHEMCON,CHEMCON,69121,139067652
Chemfab Alkalis Limited,CHEMFAB,CHEMFABALKA,716545,138564868
Chennai Petroleum Corporation Limited,CHENNPETRO,CHENNPETRO,524545,128028164
Cholamandalam Investment and Finance Company Limited,CHOLAFIN,CHOLAFIN,175361,130878212
Cholamandalam Financial Holdings Limited,CHOLAHLDNG,CHOLAHLDNG,5565441,129273092
Cigniti Technologies Limited,CIGNITITEC,CIGNITI,1316353,136898052
Cineline India Limited,CINELINE,CINELINE,6953217,136398596
Cipla Limited,CIPLA,CIPLA,177665,128022276
CL Educate Limited,CLEDUCATE,CLEDUCATE,5177089,138343172
Clariant Chemicals (India) Limited,CLNINDIA,CLNINDIA,183041,129635844
Chaman Lal Setia Exports Limited,CLSEL,CHAMANSEQ,891393,135758596
CMI Limited,CMICABLES,CMI,4898049,132436484
Coal India Limited,COALINDIA,COALINDIA,5215745,136519172
Cochin Shipyard Limited,COCHINSHIP,COCHINSHIP,5506049,138413572
Coffee Day Enterprises Limited,COFFEEDAY,COFFEEDAY,2858241,138095620
Coforge Limited,COFORGE,COFORGE,2955009,136330500
Colgate Palmolive (India) Limited,COLPAL,COLPAL,3876097,128212484
Compuage Infocom Limited,COMPINFO,COMPUAGE,4513793,136308740
Container Corporation of India Limited,CONCOR,CONCOR,1215745,136024068
Confidence Petroleum India Limited,CONFIPET,CONFIPET,2620929,134868228
Control Print Limited,CONTROLPR,CONTROLPR,4474113,133707524
Coral India Finance & Housing Limited,CORALFINAC,CORALFINAC,1025793,136078340
Cords Cable Industries Limited,CORDSCABLE,CORDSCABLE,3909377,136432900
Coromandel International Limited,COROMANDEL,COROMANDEL,189185,129637124
Cosmo Films Limited,COSMOFILMS,COSMOFILMS,189953,130256388
Craftsman Automation Limited,CRAFTSMAN,CRAFTSMAN,730625,139078660
Creative Eye Limited,CREATIVEYE,CREATIVEYE,2402305,136292356
CREDITACCESS GRAMEEN LIMITED,CREDITACC,CREDITACC,1131777,138693124
Crest Ventures Limited,CREST,CREST,3558401,130921732
CRISIL Limited,CRISIL,CRISIL,193793,128023556
Crompton Greaves Consumer Electricals Limited,CROMPTON,CROMPTON,4376065,138208260
CSB Bank Limited,CSBBANK,CSBBANK,3831297,138973956
Cambridge Technology Enterprises Limited,CTE,CTE,3639809,136397060
City Union Bank Limited,CUB,CUB,1459457,136245764
Cummins India Limited,CUMMINSIND,CUMMINSIND,486657,128122884
Cupid Limited,CUPID,CUPID,4741121,135895812
Cyber Media (India) Limited,CYBERMEDIA,CYBERMEDIA,3031553,136355844
Cybertech Systems And Software Limited,CYBERTECH,CYBERTECH,1549057,136236292
Cyient Limited,CYIENT,CYIENT,1471489,136236804
LT Foods Limited,DAAWAT,DAAWAT,3536897,136392452
Dabur India Limited,DABUR,DABUR,197633,128024580
Dalmia Bharat Limited,DALBHARAT,DALBHARAT,2067201,138807300
Dalmia Bharat Sugar and Industries Limited,DALMIASUG,DALMIASUG,199937,128024836
Damodar Industries Limited,DAMODARIND,DAMOINDUS,4490497,133432324
Datamatics Global Services Limited,DATAMATICS,DATAMATICS,2924289,136327172
D.B.Corp Limited,DBCORP,DBCORP,4577537,136486660
Dilip Buildcon Limited,DBL,DBL,4630017,138252036
D B Realty Limited,DBREALTY,DBREALTY,4639745,136488964
Dishman Carbogen Amcis Limited,DCAL,DCAL,5556225,138419460
DCB Bank Limited,DCBBANK,DCBBANK,3513601,136389636
DCM Financial Services Limited,DCMFINSERV,DCMFINSERV,1222401,130972420
DCM Nouvelle Limited,DCMNVL,DCMNVL,2825985,138938628
DCM Shriram Limited,DCMSHRIRAM,DCMSHRIRAM,207617,133981956
DCW Limited,DCW,DCW,209153,128029956
Deccan Cements Limited,DECCANCE,DECCANCE,3798529,128547076
Deepak Nitrite Limited,DEEPAKNTR,DEEPAKNI,5105409,129638660
DEEP ENERGY RESOURCES LIMITED,DEEPENR,DEEPENR,4670465,136386564
Deep Industries Limited,DEEPINDS,DEEPIND,842753,139081732
Delta Corp Limited,DELTACORP,DELTACORP,3851265,136409092
Den Networks Limited,DEN,DEN,4536833,136483076
De Nora India Limited,DENORA,DENORA,1095425,151047940
DFM Foods Limited,DFMFOODS,DFM,4933377,133014532
Dhampur Sugar Mills Limited,DHAMPURSUG,DHAMPURSUG,219393,128030468
Dhanlaxmi Bank Limited,DHANBANK,DHANBANK,2907905,136238084
Dhani Services Limited,DHANI,DHANI,3938305,136437764
Dhanuka Agritech Limited,DHANUKA,DHANUKA,6248705,129975556
Dharani Sugars & Chemicals Limited,DHARSUGAR,DHARSUGAR,221697,129905156
Dhunseri Investments Limited,DHUNINV,DHUNINV,5691649,136534020
Prataap Snacks Limited,DIAMONDYD,DIAMONDYD,5591041,138425348
DIC India Limited,DICIND,DICIND,179969,128022788
Dish TV India Limited,DISHTV,DISHTV,3721473,136406788
Divi's Laboratories Limited,DIVISLAB,DIVISLAB,2800641,136316932
Dixon Technologies (India) Limited,DIXON,DIXON,5552641,138418948
DLF Limited,DLF,DLF,3771393,136414212
D-Link (India) Limited,DLINKINDIA,DLINKINDIA,4569857,136485380
Avenue Supermarts Limited,DMART,DMART,5097729,138336260
Diligent Media Corporation Limited,DNAMEDIA,DNAMEDIA,164097,138441988
Dolat Investments Limited,DOLAT,DOLAT,3103745,129414660
Dollar Industries Limited,DOLLAR,DOLLAR,5263361,138599172
Donear Industries Limited,DONEAR,DONEAR,3542785,131204868
Dredging Corporation of India Limited,DREDGECORP,DREDGECORP,2885377,134046212
Dr. Reddy's Laboratories Limited,DRREDDY,DRREDDY,225537,128031748
Dynacons Systems & Solutions Limited,DSSL,DSSL,6576641,136285444
Dhunseri Tea & Industries Limited,DTIL,DHUNTEAIND,1594113,137958916
Dhunseri Ventures Limited,DVL,DVL,3894785,134076420
Dwarikesh Sugar Industries Limited,DWARKESH,DWARKESH,2986753,136348164
Dynamatic Technologies Limited,DYNAMATECH,DYNAMATECH,1158401,129341956
Dynemic Products Limited,DYNPRO,DYNPRO,5456385,136372996
Easy Trip Planners Limited,EASEMYTRIP,EASEMYTRIP,714753,139077636
EBIXCASH WORLD MONEY INDIA LIMITED,EBIXFOREX,EBIXFOREX,6244097,136563716
Edelweiss Financial Services Limited,EDELWEISS,EDELWEISS,3870465,136428036
Eicher Motors Limited,EICHERMOT,EICHERMOT,232961,129331204
EID Parry India Limited,EIDPARRY,EIDPARRY,234497,128032004
EIH Associated Hotels Limited,EIHAHOTELS,EIHAHOTELS,3942145,133920516
EIH Limited,EIHOTEL,EIHOTEL,235265,128215044
Eimco Elecon (India) Limited,EIMCOELECO,EIMCOELECO,1034241,134069252
Elecon Engineering Company Limited,ELECON,ELECON,3492609,129459204
Electrosteel Castings Limited,ELECTCAST,ELECTCAST,237569,128032772
Electrotherm (India) Limited,ELECTHERM,ELECTHERM,1144065,134811652
Elgi Equipments Limited,ELGIEQUIP,ELGIEQUIP,239873,133650948
Emami Limited,EMAMILTD,EMAMILTD,3460353,135977476
Emami Paper Mills Limited,EMAMIPAP,EMAMIPAP,2578945,136501252
Emami Realty Limited,EMAMIREAL,EMAMIREAL,4934913,136503812
Emkay Global Financial Services Limited,EMKAY,EMKAY,3435777,136380676
Emmbi Industries Limited,EMMBI,EMMBI,4644353,136489220
Endurance Technologies Limited,ENDURANCE,ENDURANCE,4818433,138279172
Energy Development Company Limited,ENERGYDEV,ENERGYDEV,3852545,136248068
Engineers India Limited,ENGINERSIN,ENGINERSIN,1256193,136237572
Entertainment Network (India) Limited,ENIL,ENIL,3377153,136371204
EPL Limited,EPL,EPL,251137,128034564
Equitas Holdings Limited,EQUITAS,EQUITAS,4314113,138200068
Equitas Small Finance Bank Limited,EQUITASBNK,EQUITASBNK,233729,139070212
Eris Lifesciences Limited,ERIS,ERIS,5415425,138392580
Eros International Media Limited,EROSMEDIA,EROSMEDIA,5140481,136514820
Esab India Limited,ESABINDIA,ESABINDIA,244481,128034052
Escorts Limited,ESCORTS,ESCORTS,245249,128126724
Ester Industries Limited,ESTER,ESTER,6211841,128034820
Eveready Industries India Limited,EVEREADY,EVEREADY,3016193,136066052
Everest Industries Limited,EVERESTIND,EVERESTIND,254209,130279940
Excel Industries Limited,EXCELINDUS,EXCELINDUS,2936577,128166404
Exide Industries Limited,EXIDEIND,EXIDEIND,173057,128022020
Expleo Solutions Limited,EXPLEOSOL,EXPLEOSOL,4476417,136478980
Fertilizers and Chemicals Travancore Limited,FACT,FACT,258049,151046148
Fairchem Organics Limited,FAIRCHEMOR,FAIRCHEMOR,413185,139072516
Fineotex Chemical Limited,FCL,FCL,1586689,136533252
Future Consumer Limited,FCONSUMER,FCONSUMER,7689729,136550404
FDC Limited,FDC,FDC,1253889,136089348
The Federal Bank  Limited,FEDERALBNK,FEDERALBNK,261889,128120068
Future Enterprises Limited,FEL,FEL,2692097,134034948
Future Enterprises Limited,FELDVR,FELDVR,4352513,145920516
Fiem Industries Limited,FIEMIND,FIEMIND,3509761,136388612
Filatex India Limited,FILATEX,FILATEX,6280193,134714116
Finolex Cables Limited,FINCABLES,FINCABLES,265729,128036868
Fine Organic Industries Limited,FINEORG,FINEORG,958465,138638596
Finolex Industries Limited,FINPIPE,FINOLEXIND,266497,128240644
Future Lifestyle Fashions Limited,FLFL,FLFL,7872513,137345796
Gujarat Fluorochemicals Limited,FLUOROCHEM,FLUOROCHEM,3520001,138959876
Federal-Mogul Goetze (India) Limited.,FMGOETZE,FMGOETZE,304641,129470468
Future Market Networks Limited,FMNL,FMNL,5380353,136523780
FORCE MOTORS LTD,FORCEMOT,FORCEMOT,2962689,128008452
Fortis Healthcare Limited,FORTIS,FORTIS,3735553,136407812
Foseco India Limited,FOSECOIND,FOSECOIND,274689,128038404
Future Retail Limited,FRETAIL,FRETAIL,4704769,138256388
Firstsource Solutions Limited,FSL,FSL,3661825,136399108
Gabriel India Limited,GABRIEL,GABRIEL,277761,129462788
Gujarat Ambuja Exports Limited,GAEL,GAEL,2259969,134201860
GAIL (India) Limited,GAIL,GAIL,1207553,136231684
Galaxy Surfactants Limited,GALAXYSURF,GALAXYSURF,336641,138479364
Gallantt Metal Limited,GALLANTT,GALLANTT,3414273,136377860
Gallantt Ispat Limited,GALLISPAT,GALLISPAT,5155841,136515844
Gammon Infrastructure Projects Limited,GAMMNINFRA,GAMMNINFRA,3939585,136437508
Gandhi Special Tubes Limited,GANDHITUBE,GANDHITUBE,3613697,131355652
Ganesha Ecosphere Limited,GANECOS,GANECOS,1777665,131626756
Ganges Securities Limited,GANGESSECU,GANGESSEC,5478145,138405636
Garware Technical Fibres Limited,GARFIBRES,GARFIBRES,281601,130446596
GATI Limited,GATI,GATI,3504129,136280324
Gayatri Projects Limited,GAYAPROJ,GAYAPROJ,6405889,136388356
GeeCee Ventures Limited,GEECEE,GEECEE,3496449,136387588
Generic Engineering Construction and Projects Limited,GENCON,GENCON,560129,138088196
Genesys International Corporation Limited,GENESYS,GENESYS,2791681,129563908
Genus Paper & Boards Limited,GENUSPAPER,GENUSPAPER,1689601,137974020
Genus Power Infrastructures Limited,GENUSPOWER,GENUSPOWER,3047681,135767812
Geojit Financial Services Limited,GEOJITFSL,GEOJITFSL,3045377,136264964
GE Power India Limited,GEPIL,GEPIL,2012673,136271108
The Great Eastern Shipping Company Limited,GESHIP,GESHIP,3526657,128158724
GE T&D India Limited,GET&D,GET&D,4296449,133702404
GFL Limited,GFLLIMITED,GFLLIMITED,329985,128044292
GHCL Limited,GHCL,GHCL,288513,128043780
GIC Housing Finance Limited,GICHSGFIN,GICHSGFIN,291585,130989060
General Insurance Corporation of India,GICRE,GICRE,70913,138433284
Gillanders Arbuthnot & Company Limited,GILLANDERS,GILLANDERS,4566785,136375300
Gillette India Limited,GILLETTE,GILLETTE,403457,130000644
Ginni Filaments Limited,GINNIFILA,GINNIFILA,292353,151046404
Gujarat Industries Power Company Limited,GIPCL,GIPCL,293121,132428804
Gland Pharma Limited,GLAND,GLAND,303617,139070724
GlaxoSmithKline Pharmaceuticals Limited,GLAXO,GLAXO,295169,128168964
Glenmark Pharmaceuticals Limited,GLENMARK,GLENMARK,1895937,136267780
Gujarat Lease Financing Limited,GLFL,GLFL,295937,128044548
Global Vectra Helicorp Limited,GLOBALVECT,GLOBALVECT,3516161,136389892
Globus Spirits Limited,GLOBUSSPR,GLOBUSSPR,4460545,136474628
GM Breweries Limited,GMBREW,GMBREW,299009,129916932
Gujarat Mineral Development Corporation Limited,GMDCLTD,GMDCLTD,1332225,136238340
GMM Pfaudler Limited,GMMPFAUDLR,GMM,401921,129345284
GMR Infrastructure Limited,GMRINFRA,GMRINFRA,3463169,136385028
GNA Axles Limited,GNA,GNA,4754177,138271748
Gujarat Narmada Valley Fertilizers and Chemicals Limited,GNFC,GNFC,300545,128171524
GOCL Corporation Limited,GOCLCORP,GOCLCORP,1014529,129658884
Godfrey Phillips India Limited,GODFRYPHLP,GODFRYPHLP,302337,128041732
Godrej Agrovet Limited,GODREJAGRO,GODREJAGRO,36865,138430212
Godrej Consumer Products Limited,GODREJCP,GODREJCP,2585345,136300548
Godrej Industries Limited,GODREJIND,GODREJIND,2796801,128041988
Godrej Properties Limited,GODREJPROP,GODREJPROP,4576001,136486404
Gokaldas Exports Limited,GOKEX,GOKEX,3015169,136353284
Gokul Refoils and Solvent Limited,GOKUL,GOKUL,4276481,136442884
Gokul Agro Resources Limited,GOKULAGRO,GOKULAGRO,3706881,138169604
Golden Tobacco Limited,GOLDENTOBC,GOLDENTOBC,321281,128038660
Goldiam International Limited,GOLDIAM,GOLDIAM,3064577,134842628
Goldstone Technologies Limited,GOLDTECH,GOLDTECH,2527745,136048388
Goodluck India Limited,GOODLUCK,GOODLUCK,1568001,135847684
Goodyear India Limited,GOODYEAR,GOODYEAR,308481,128043012
Gujarat Pipavav Port Limited,GPPL,GPPL,5051137,136511492
GPT Infraprojects Limited,GPTINFRA,GPTINFRA,4527361,136642820
Granules India Limited,GRANULES,GRANULES,3039233,136315396
Graphite India Limited,GRAPHITE,GRAPHITE,151553,130428932
Grasim Industries Limited,GRASIM,GRASIM,315393,128076804
Gravita India Limited,GRAVITA,GRAVITA,5256705,136520196
Greaves Cotton Limited,GREAVESCOT,GREAVESCOT,316161,128372484
Greenlam Industries Limited,GREENLAM,GRNLAMIND,1753089,137978628
Greenply Industries Limited,GREENPLY,GREENPLY,1020673,134860036
Orient Green Power Company Limited,GREENPOWER,GREENPOWER,5148161,136515332
Grindwell Norton Limited,GRINDWELL,GRINDWELL,3471361,129555460
GRP Limited,GRPLTD,GRPLTD,1675009,130342916
Garden Reach Shipbuilders & Engineers Limited,GRSE,GRSE,1401601,138754820
Gujarat Sidhee Cement Limited,GSCLCEMENT,GSCLCEMENT,7641601,132615428
Gujarat State Fertilizers & Chemicals Limited,GSFC,GSFC,319233,128176644
Gujarat State Petronet Limited,GSPL,GSPL,3378433,136371716
GSS Infotech Limited,GSS,GSS,3928833,136435460
GTL Limited,GTL,GTL,297473,128040964
GTL Infrastructure Limited,GTLINFRA,GTLINFRA,3518721,136390404
GTN Textiles Limited,GTNTEX,GTNTEX,3449089,136382468
GTPL Hathway Limited,GTPL,GTPL,5425921,138394116
Gufic Biosciences Limited,GUFICBIO,GUFICBIO,2971137,130324228
Gujarat Alkalies and Chemicals Limited,GUJALKALI,GUJALKALI,324353,135680260
Gujarat Apollo Industries Limited,GUJAPOLLO,GUJAPOLLO,3757313,133687556
Gujarat Gas Limited,GUJGASLTD,GUJGAS,2713345,138070020
Gulf Oil Lubricants India Limited,GULFOILLUB,GULFOILLUB,1124097,137873156
GP Petroleums Limited,GULFPETRO,GULFPETRO,2964737,136331012
Gulshan Polyols Limited,GULPOLY,GULPOLY,1609217,136308996
Hindustan Aeronautics Limited,HAL,HAL,589569,138535428
Happiest Minds Technologies Limited,HAPPSTMNDS,HAPPSTMNDS,12289,139066116
Harrisons  Malayalam Limited,HARRMALAYA,HARRMALAYA,336129,128119556
Hathway Cable & Datacom Limited,HATHWAY,HATHWAY,4647425,136489476
Hatsun Agro Product Limited,HATSUN,HATSUN,996353,136071940
Havells India Limited,HAVELLS,HAVELLS,2513665,132442628
HBL Power Systems Limited,HBLPOWER,HBLPOWER,3575297,132421380
HB Stockholdings Limited,HBSL,HBSTOCK,1053697,136247300
Hindustan Construction Company Limited,HCC,HCC,352001,128047364
Healthcare Global Enterprises Limited,HCG,HCG,3982081,138185476
HCL Infosystems Limited,HCL-INSYS,HCL-INSYS,339713,128045828
HCL Technologies Limited,HCLTECH,HCLTECH,1850625,136263940
Housing Development Finance Corporation Limited,HDFC,HDFC,340481,128002564
HDFC Asset Management Company Limited,HDFCAMC,HDFCAMC,1086465,138682628
HDFC Bank Limited,HDFCBANK,HDFCBANK,341249,128046084
HDFC Life Insurance Company Limited,HDFCLIFE,HDFCLIFE,119553,138438916
HEG Limited,HEG,HEG,342017,130465540
HeidelbergCement India Limited,HEIDELBERG,HEIDELBERG,592897,128074756
Hemisphere Properties India Limited,HEMIPROP,HEMIPROP,179457,139069956
Heranba Industries Limited,HERANBA,HERANBA,669185,139076100
Hercules Hoists Limited,HERCULES,HERCULES,3913729,129464324
Heritage Foods Limited,HERITGFOOD,HERITGFOOD,1177089,133005316
Hero MotoCorp Limited,HEROMOTOCO,HEROMOTOCO,345089,128046596
Hester Biosciences Limited,HESTERBIO,HESTERBIO,1804289,134315268
Hexa Tradex Limited,HEXATRADEX,HEXATRADEX,6914049,136787972
HFCL Limited,HFCL,HFCL,5619457,128046852
H.G. Infra Engineering Limited,HGINFRA,HGINFRA,428033,138500868
Hikal Limited,HIKAL,HIKAL,2475009,134332164
HIL Limited,HIL,HIL,372481,130476804
Himatsingka Seide Limited,HIMATSEIDE,HIMATSEIDE,348161,131595012
Hindalco Industries Limited,HINDALCO,HINDALCO,348929,128112644
Hindustan Composites Limited,HINDCOMPOS,HINDCOMPOS,351233,130466564
Hindustan Copper Limited,HINDCOPPER,HINDCOPPER,4592385,131481348
Hindustan Motors Limited,HINDMOTORS,HINDMOTORS,5549057,128128004
Hindusthan National Glass & Industries Limited,HINDNATGLS,HINDNATGLS,4363777,131877124
Hindustan Oil Exploration Company Limited,HINDOILEXP,HINDOILEXP,359169,128047620
Hindustan Petroleum Corporation Limited,HINDPETRO,HINDPETRO,359937,128026628
Hindustan Unilever Limited,HINDUNILVR,HINDUNILVR,356865,128178180
Hindustan Zinc Limited,HINDZINC,HINDZINC,364545,128048132
Hind Rectifiers Limited,HIRECT,HIRECT,3555841,129033220
Hisar Metal Industries Limited,HISARMETAL,HISARMET,4946433,151044612
Hitech Corporation Limited,HITECHCORP,HITECHCORP,3881217,134711556
The Hi-Tech Gears Limited,HITECHGEAR,HITECHGEAR,1134849,133650692
HLE Glascoat Limited,HLEGLAS,HLEGLAS,585985,133687044
HLV LIMITED,HLVLTD,HLVLTD,370689,128049412
Hindustan Media Ventures Limited,HMVL,HMVL,4918017,136503556
Home First Finance Company India Limited,HOMEFIRST,HOMEFIRST,526337,139074308
Honeywell Automation India Limited,HONAUT,HONAUT,874753,132396548
Honda India Power Products Limited,HONDAPOWER,HONDAPOWER,803329,133648388
HOV Services Limited,HOVS,HOVS,3479553,136386820
HPL Electric & Power Limited,HPL,HPL,4781825,138274820
Himadri Speciality Chemical Limited,HSCL,HSCL,3669505,128047108
HSIL Limited,HSIL,HSIL,361473,128047876
HT Media Limited,HTMEDIA,HTMEDIA,3066625,136361476
Housing & Urban Development Corporation Limited,HUDCO,HUDCO,5331201,138375684
Huhtamaki India Limited,HUHTAMAKI,HUHTAMAKI,655873,130513924
Indiabulls Real Estate Limited,IBREALEST,IBREALEST,3699201,136404996
Indiabulls Housing Finance Limited,IBULHSGFIN,IBULHSGFIN,7712001,137161988
ICICI Bank Limited,ICICIBANK,ICICIBANK,1270529,136236548
ICICI Lombard General Insurance Company Limited,ICICIGI,ICICIGI,5573121,138423300
ICICI Prudential Life Insurance Company Limited,ICICIPRULI,ICICIPRULI,4774913,138274052
Indo Count Industries Limited,ICIL,ICIL,3068673,133380100
ICRA Limited,ICRA,ICRA,3717889,136405764
IDBI Bank Limited,IDBI,IDBI,377857,128029700
Vodafone Idea Limited,IDEA,IDEA,3677697,136402436
IDFC Limited,IDFC,IDFC,3060993,136360708
IDFC First Bank Limited,IDFCFIRSTB,IDFCFIRSTB,2863105,138095876
Indian Energy Exchange Limited,IEX,IEX,56321,138432004
IFB Agro Industries Limited,IFBAGRO,IFBAGRO,379393,129904132
IFB Industries Limited,IFBIND,IFBIND,380161,129465860
IFCI Limited,IFCI,IFCI,381697,128027140
IFGL Refractories Limited,IFGLEXPOR,IFGLEXPOR,111617,138438148
Igarashi Motors India Limited,IGARASHI,IGARASHI,162305,132449284
Indraprastha Gas Limited,IGL,IGL,2883073,136323588
IG Petrochemicals Limited,IGPL,IGPL,3606017,128050948
IIFL Securities Limited,IIFLSEC,IIFLSEC,3346433,138949892
Iifl Wealth Management Limited,IIFLWAM,IIFLWAM,3343617,138949636
Industrial Investment Trust Limited,IITL,IITL,4998401,128331524
Indian Metals & Ferro Alloys Limited,IMFA,IMFA,4924161,136460036
India Motor Parts and Accessories Limited,IMPAL,IMPAL,3074305,151056644
INCREDIBLE INDUSTRIES LIMITED,INCREDIBLE,INCREDIBLE,4481793,137821444
Indbank Merchant Banking Services Limited,INDBANK,INDBANK,4334849,130937092
The Indian Hotels Company Limited,INDHOTEL,INDHOTEL,387073,128217604
The India Cements Limited,INDIACEM,INDIACEM,387841,135681284
India Glycols Limited,INDIAGLYCO,INDIAGLYCO,389377,128051460
Indiamart Intermesh Limited,INDIAMART,INDIAMART,2745857,138937860
Indian Bank,INDIANB,INDIANB,3663105,136400388
Indian Card Clothing Company Limited,INDIANCARD,INDIANCARD,1132033,130481156
Indian Hume Pipe Company Limited,INDIANHUME,INDIANHUME,391681,129213700
InterGlobe Aviation Limited,INDIGO,INDIGO,2865921,138098692
Indigo Paints Limited,INDIGOPNTS,INDIGOPNTS,524289,139074052
IMP Powers Limited,INDLMETER,INDLMETER,1008129,132498180
India Nippon Electricals Limited,INDNIPPON,INDNIPPON,1215233,136253444
Indoco Remedies Limited,INDOCO,INDOCO,2989313,136348676
IndoStar Capital Finance Limited,INDOSTAR,INDOSTAR,790529,138582020
Indo Tech Transformers Limited,INDOTECH,INDOTECH,3398401,136375556
Indowind Energy Limited,INDOWIND,INDOWIND,3827713,136420868
Indraprastha Medical Corporation Limited,INDRAMEDCO,INDRAMEDCO,1216257,136230404
Ind-Swift Laboratories Limited,INDSWFTLAB,INDSWFTLAB,1246721,136270084
Indian Terrain Fashions Limited,INDTERRAIN,INDTERRAIN,5620993,136532228
IndusInd Bank Limited,INDUSINDBK,INDUSINDBK,1346049,136239876
Indus Towers Limited,INDUSTOWER,INDUSTOWER,7458561,136912900
INEOS Styrolution India Limited,INEOSSTYRO,INEOSSTYRO,4865,129592836
Infibeam Avenues Limited,INFIBEAM,INFIBEAM,4159745,138190596
Infosys Limited,INFY,INFY,408065,128053508
Ingersoll Rand (India) Limited,INGERRAND,INGERRAND,408833,128053764
INOX Leisure Limited,INOXLEISUR,INOXLEISUR,3384577,136372740
Inox Wind Limited,INOXWIND,INOXWIND,2010113,138005252
Insecticides (India) Limited,INSECTICID,INSECTICID*,3752193,136409860
Inspirisys Solutions Limited,INSPIRISYS,INSPIRISYS,3514881,136390148
Intellect Design Arena Limited,INTELLECT,INTELLECT,1517057,137941764
Intense Technologies Limited,INTENTECH,INTENTECH,5138177,136275460
Inventure Growth & Securities Limited,INVENTURE,INVENTURE,6366721,136577540
Indian Overseas Bank,IOB,IOB,2393089,136291332
Indian Oil Corporation Limited,IOC,IOC,415745,135927044
IOL Chemicals and Pharmaceuticals Limited,IOLCP,IOLCP,5225729,134185988
IPCA Laboratories Limited,IPCALAB,IPCALAB,418049,134270468
IRB Infrastructure Developers Limited,IRB,IRB,3920129,136434436
Ircon International Limited,IRCON,IRCON,1276417,138740740
Indian Railway Catering And Tourism Corporation Limited,IRCTC,IRCTC,3484417,138964484
Indian Railway Finance Corporation Limited,IRFC,IRFC,519425,139073796
ICICI Securities Limited,ISEC,ISEC,637185,138541828
Intrasoft Technologies Limited,ISFT,ISFT,4730625,136494340
Isgec Heavy Engineering Limited,ISGEC,ISGEC,852225,136456452
ITC Limited,ITC,ITC,424961,128224004
India Tourism Development Corporation Limited,ITDC,ITDC,4940545,136240388
ITD Cementation India Limited,ITDCEM,ITDCEM,1439233,130430980
ITI Limited,ITI,ITI,428801,134044164
IVP Limited,IVP,IVP,430337,129940484
IZMO Limited,IZMO,IZMO,3628545,136279300
The Jammu & Kashmir Bank Limited,J&KBANK,J&KBANK,1442049,136245508
Jagran Prakashan Limited,JAGRAN,JAGRAN*,3382017,136372484
Jagsonpal Pharmaceuticals Limited,JAGSNPHARM,JAGSNPHARM,1128961,129993988
Jai Balaji Industries Limited,JAIBALAJI,JAIBALAJI,2881537,136441860
Jai Corp Limited,JAICORPLTD,JAICORPLTD,1316609,131132676
Jamna Auto Industries Limited,JAMNAAUTO,JAMNAAUTO,5319169,133133060
Jayant Agro Organics Limited,JAYAGROGN,JAYAGROGN,1034497,134228484
Jay Bharat Maruti Limited,JAYBARMARU,JAYBARMARU,437249,133136900
Jayshree Tea & Industries Limited,JAYSREETEA,JAYSHREETEA,440321,130487044
JB Chemicals & Pharmaceuticals Limited,JBCHEPHARM,JBCHEPHARM,441857,129777412
JBM Auto Limited,JBMA,JBMA,2983681,136346884
Johnson Controls - Hitachi Air Conditioning India Limited,JCHAC,JCHAC,1149697,133989892
JHS Svendgaard Laboratories Limited,JHS,JHS,3512321,136389380
Jindal Poly Films Limited,JINDALPOLY,JINDALPOLY,449537,128058116
Jindal Saw Limited,JINDALSAW,JINDALSAW,774145,128096772
Jindal Steel & Power Limited,JINDALSTEL,JINDALSTEL,1723649,136265220
Jindal Drilling And Industries Limited,JINDRILL,JINDRILL,3552001,130824708
Jindal Worldwide Limited,JINDWORLD,JINDWORLD,5284353,136075012
Jain Irrigation Systems Limited,JISLJALEQS,JISLJALEQS,2661633,128056068
JK Cement Limited,JKCEMENT,JKCEMENT,3397121,136356868
J.Kumar Infraprojects Limited,JKIL,JKIL,3908097,136432644
JK Lakshmi Cement Limited,JKLAKSHMI,JKLAKSHMI,3453697,128097284
JK Paper Limited,JKPAPER,JKPAPER,3036161,136233476
JK Tyre & Industries Limited,JKTYRE,JKTYRE,3695361,135681796
JMC Projects (India)  Limited,JMCPROJECT,JMCPROJECT,1134081,133699332
JM Financial Limited,JMFINANCIL,JMFINANCIL,3491073,133991684
JMT Auto Limited,JMTAUTOLTD,JMTAUTOLTD,3704321,131504900
Jaiprakash Power Ventures Limited,JPPOWER,JPPOWER,3011329,136352516
Jindal Stainless Limited,JSL,JSL,2876417,136322052
Jindal Stainless (Hisar) Limited,JSLHISAR,JSLHISAR,3149825,138136836
JSW Energy Limited,JSWENERGY,JSWENERGY,4574465,136485892
JSW Holdings Limited,JSWHL,JSWHL,3041281,136356356
JSW Steel Limited,JSWSTEEL,JSWSTEEL,3001089,128058372
Jtekt India Limited,JTEKTINDIA,JTEKTINDIA,828673,133134596
Jubilant Foodworks Limited,JUBLFOOD,JUBLFOOD,4632577,136487684
Jubilant Industries Limited,JUBLINDS,JUBLINDS,5514497,136529924
Jubilant Ingrevia Limited,JUBLINGREA,JUBLINGREA,712449,139077380
Jubilant Pharmova Limited,JUBLPHARMA,JUBLPHARMA,931073,135684868
Jump Networks Limited,JUMPNET,JUMPNET,3085313,136022276
Just Dial Limited,JUSTDIAL,JUSTDIAL,7670273,137125892
Jyothy Labs Limited,JYOTHYLAB,JYOTHYLAB,3877377,136429060
Kabra Extrusion Technik Limited,KABRAEXTRU,KABRAEXTRU,462081,134171908
Kajaria Ceramics Limited,KAJARIACER,KAJARIACER,462849,128059652
Kakatiya Cement Sugar & Industries Limited,KAKATCEM,KAKATCEM,463617,128059908
Kalpataru Power Transmission Limited,KALPATPOWR,KALPATPOWR,464385,133705476
Kalyan Jewellers India Limited,KALYANKJIL,KALYANKJIL,756481,139079172
Kamdhenu Limited,KAMDHENU,KAMDHENU,3444993,136381700
Kanoria Chemicals & Industries Limited,KANORICHEM,KANORICHEM,469761,129670404
Kanpur Plastipack Limited,KANPRPLA,KANPRPLA,456193,129991428
Kansai Nerolac Paints Limited,KANSAINER,KANSAINER,306177,128042244
Karur Vysya Bank Limited,KARURVYSYA,KARURVYSYA,470529,151040772
Kaya Limited,KAYA,KAYA,2630657,138054660
KCP Limited,KCP,KCP,471297,151056900
KCP Sugar and Industries Corporation Limited,KCPSUGIND,KCPSUGIND,1231105,136497156
KEC International Limited,KEC,KEC,3394561,136374788
KEI Industries Limited,KEI,KEI,3407361,132497668
Kellton Tech Solutions Limited,KELLTONTEC,KELLTONTEC,3438081,133018116
Kennametal India Limited,KENNAMET,KENNAMET,3031297,129507844
Kesoram Industries Limited,KESORAMIND,KESORAMIND,475905,128751876
Keynote Financial Services Limited,KEYFINSERV,KEYFINSER,1064193,131224836
Khadim India Limited,KHADIM,KHADIM,108801,138438404
Khaitan Chemicals & Fertilizers Limited,KHAICHEM,KHAICHEM,229377,129995268
Khandwala Securities Limited,KHANDSE,KHANDSE,2468097,136164356
Kalyani Investment Company Limited,KICL,KICL,5406465,136525316
Kingfa Science & Technology (India) Limited,KINGFA,KINGFA,4849665,134148868
KIOCL Limited,KIOCL,KIOCL,4896257,138414084
Kiri Industries Limited,KIRIINDUS,KIRIINDUS,4259585,136439556
Kirloskar Ferrous Industries Ltd,KIRLFER,KIRLFER,3703297,128062724
Kirloskar Oil Engines Limited,KIRLOSENG,KIRLOSENG,5359617,136523012
Kirloskar Industries Limited,KIRLOSIND,KIRLOSIND,4870401,128062212
Kitex Garments Limited,KITEX,KITEX,7398145,133439492
Kewal Kiran Clothing Limited,KKCL,KKCL,3425537,136379396
K.M.Sugar Mills Limited,KMSUGAR,KMSUGAR,3754753,136364292
KNR Constructions Limited,KNRCON,KNRCON,3912449,136433156
Kokuyo Camlin Limited,KOKUYOCMLN,KOKUYOCMLN,4307713,133940996
Kolte - Patil Developers Limited,KOLTEPATIL,KOLTEPATIL,3871745,136428548
Kopran Limited,KOPRAN,KOPRAN,491265,134215684
Kotak Mahindra Bank Limited,KOTAKBANK,KOTAKBANK,492033,128063236
Kothari Products Limited,KOTHARIPRO,KOTHARIPRO,1415169,135756548
KPIT Technologies Limited,KPITTECH,KPITTECH,2478849,138918660
K.P.R. Mill Limited,KPRMILL,KPRMILL,3817473,136419588
KRBL Limited,KRBL,KRBL,2707713,135888132
Krebs Biochemicals and Industries Limited,KREBSBIO,KREBSBIO,495873,134276612
Ksb Limited,KSB,KSB,498945,128063748
Kaveri Seed Company Limited,KSCL,KSCL,3832833,136422148
Kalyani Steels Limited,KSL,KSL,4835585,128060164
The Karnataka Bank Limited,KTKBANK,KTKBANK,2061825,136358916
Kuantum Papers Limited,KUANTUM,KUANTUM,3550721,136431876
L&T Finance Holdings Limited,L&TFH,L&TFH,6386689,136580868
Dr. Lal Path Labs Ltd.,LALPATHLAB,LALPATHLAB,2983425,138118148
Lambodhara Textiles Limited,LAMBODHARA,LAMBODHARA,1640193,151059204
La Opala RG Limited,LAOPALA,LAOPALA,3692289,134898436
Lasa Supergenerics Limited,LASA,LASA,5558529,138419716
Laurus Labs Limited,LAURUSLABS,LAURUSLABS,4923905,138296836
Lakshmi Machine Works Limited,LAXMIMACH,LAXMIMACH,506625,128064516
Lemon Tree Hotels Limited,LEMONTREE,LEMONTREE,667137,138555652
LG Balakrishnan & Bros Limited,LGBBROSLTD,LGBBROSLTD,4690177,128064004
LGB Forge Limited,LGBFORGE,LGBFORGE,4312321,136449796
Liberty Shoes Limited,LIBERTSHOE,LIBERTSHOE,510465,134808580
LIC Housing Finance Limited,LICHSGFIN,LICHSGFIN,511233,128064772
Likhitha Infrastructure Limited,LIKHITHA,LIKHITHA,147969,139069444
Lincoln Pharmaceuticals Limited,LINCOLN,LINCOPH,2968577,136098052
Linde India Limited,LINDEINDIA,LINDEINDIA,416513,134004996
Macrotech Developers Limited,LODHA,LODHA,824321,139081476
Lotus Eye Hospital and Institute Limited,LOTUSEYE,LEHIL,4302593,136447492
Larsen & Toubro Limited,LT,LT,2939649,128130564
Larsen & Toubro Infotech Limited,LTI,LTI,4561409,138241284
L&T Technology Services Limited,LTTS,LTTS,4752385,138269444
Lumax Industries Limited,LUMAXIND,LUMAXIND,516609,132404740
Lumax Auto Technologies Limited,LUMAXTECH,LUMAXTECH,3587585,136395780
Lupin Limited,LUPIN,LUPIN,2672641,128065796
Lux Industries Limited,LUXIND,LUXIND,2893057,138122756
Laxmi Organic Industries Limited,LXCHEM,LXCHEM,727297,139078916
Lypsa Gems & Jewellery Limited,LYPSAGEMS,LYPSAGEMS,8055809,136840196
Mahindra & Mahindra Limited,M&M,M&M,519937,128133124
Mahindra & Mahindra Financial Services Limited,M&MFIN,M&MFIN,3400961,136376324
Maan Aluminium Limited,MAANALU,MAANALU,3844353,136423940
Madhav Marbles and Granites Limited,MADHAV,MADHAV,3878657,131863812
Madhucon Projects Limited,MADHUCON,MADHUCON,3499777,136063236
Madras Fertilizers Limited,MADRASFERT,MADRASFERT,1257217,151074308
Magadh Sugar & Energy Limited,MAGADSUGAR,MAGADHSUGAR,5476353,138406404
Bank of Maharashtra,MAHABANK,MAHABANK,2912513,136326404
Mahamaya Steel Industries Limited,MAHASTEEL,MAHASTEEL,4486913,131469828
Mahindra EPC Irrigation Limited,MAHEPC,MAHEPC,4506369,134081028
Mahindra CIE Automotive Limited,MAHINDCIE,MAHINDCIE,3823873,136385540
Mahindra Lifespace Developers Limited,MAHLIFE,MAHLIFE,2060801,136272132
Mahindra Logistics Limited,MAHLOG,MAHLOG,98561,138436612
Maharashtra Scooters Limited,MAHSCOOTER,MAHSCOOTER,533761,128068100
Maharashtra Seamless Limited,MAHSEAMLES,MAHSEAMLES,534529,128067844
Maithan Alloys Limited,MAITHANALL,MAITHANALL,6281729,151059972
Majesco Limited,MAJESCO,MJCO,2639361,138057988
Malu Paper Mills Limited,MALUPAPER,MALUPAPER,3418113,136378372
Manaksia Coated Metals & Industries Limited,MANAKCOAT,MNKCMILTD,1897729,137995780
Manaksia Limited,MANAKSIA,MANAKSIA,3890945,136430596
Manaksia Steels Limited,MANAKSTEEL,MANAKSTELTD,1910529,137995268
Manappuram Finance Limited,MANAPPURAM,MANAPPURAM,4879617,135990532
Mangalam Drugs And Organics Limited,MANGALAM,MANGALAM,3025153,136355076
Mangalore Chemicals & Fertilizers Limited,MANGCHEFER,MANGCHEFER,3841793,135682820
Mangalam Cement Limited,MANGLMCEM,MANGLMCEM,539137,128552196
Mangalam Timber Products Limited,MANGTIMBER,MANGTIMBER,539905,132097796
Man Industries (India) Limited,MANINDS,MANINDS,3042305,131396868
Man Infraconstruction Limited,MANINFRA,MANINFRA,4665857,136491268
Maral Overseas Limited,MARALOVER,MARALOVER,540673,133380612
Marathon Nextgen Realty Limited,MARATHON,MARATHON,4776705,128793860
Marico Limited,MARICO,MARICO,1041153,136100356
Marksans Pharma Limited,MARKSANS,MARKSANS,2708225,134247428
Maruti Suzuki India Limited,MARUTI,MARUTI,2815745,136320004
MAS Financial Services Limited,MASFIN,MASFIN,50945,138431748
Mastek Limited,MASTEK,MASTEK,543745,134068228
Matrimony.Com Limited,MATRIMONY,MATRIMONY,5561857,138420228
Max Healthcare Institute Limited,MAXHEALTH,MAXHEALTH,5728513,139064324
Max India Limited,MAXIND,MAXINDIA,5741569,139065092
Max Ventures and Industries Limited,MAXVIL,MAXVIL,4471809,138224644
Mayur Uniquoters Ltd,MAYURUNIQ,MAYURUNIQ,7399937,133695748
Mazda Limited,MAZDA,MAZDALTD,4829697,134090756
Mazagon Dock Shipbuilders Limited,MAZDOCK,MAZDOCK,130305,139068676
MBL Infrastructures Limited,MBLINFRA,MBLINFRA,4615425,136486916
United Spirits Limited,MCDOWELL-N,UNITDSPR,2674433,136302596
Multi Commodity Exchange of India Limited,MCX,MCX,7982337,136727300
Menon Bearings Limited,MENONBE,MENONBE,1782017,134099972
MEP Infrastructure Developers Limited,MEP,MEP,2245377,138016260
Mercator Limited,MERCATOR,MERCATOR,3040257,134716164
Metropolis Healthcare Limited,METROPOLIS,METROPOLIS,2452737,138918404
Max Financial Services Limited,MFSL,MFSL,548353,128069380
Mahanagar Gas Limited,MGL,MGL,4488705,138228996
Mahindra Holidays & Resorts India Limited,MHRIL,MHRIL,4437249,136470532
Mishra Dhatu Nigam Limited,MIDHANI,MIDHANI,630529,138545924
Minda Corporation Limited,MINDACORP,MINDACORP,6629633,137974276
Minda Industries Limited,MINDAIND,MINDAIND,3623425,136329988
Mindteck (India) Limited,MINDTECK,MINDTECK,4620545,132440068
MindTree Limited,MINDTREE,MINDTREE,3675137,136401668
MIRC Electronics Limited,MIRCELECTR,MIRCELECTR,563713,128071428
Mirza International Limited,MIRZAINT,MIRZAINT,1124865,134820356
MM Forgings Limited,MMFL,MMFL,3544065,133693700
MMTC Limited,MMTC,MMTC,4596993,131424516
Modison Metals Limited,MODISNME,MODISNME,848897,129602820
Mohota Industries Limited,MOHOTAIND,MOHOTAIND,1029889,135692036
MOIL Limited,MOIL,MOIL,5332481,136521220
Mold-Tek Technologies Limited,MOLDTECH,MOLDTEK,4512001,134723332
Mold-Tek Packaging Limited,MOLDTKPAC,MOLDTKPAC,1718529,136468484
Monte Carlo Fashions Limited,MONTECARLO,MONTECARLO,1520129,137942020
Morarjee Textiles Limited,MORARJEE,MORARJEE,7392513,136350980
Morepen Laboratories Limited,MOREPENLAB,MOREPENLAB,578305,128073732
Motherson Sumi Systems Limited,MOTHERSUMI,MOTHERSUMI,1076225,132437508
Motilal Oswal Financial Services Limited,MOTILALOFS,MOTILALOFS,3826433,136420356
The Motor & General Finance Limited,MOTOGENFIN,MOTOGENFIN,580609,128343812
MphasiS Limited,MPHASIS,MPHASIS,1152769,134732548
MPS Limited,MPSLTD,MPSLTD,2707969,136304644
MRF Limited,MRF,MRF,582913,128074244
MRO-TEK Realty Limited,MRO-TEK,MRO-TEK,2303489,136288260
Mangalore Refinery and Petrochemicals Limited,MRPL,MRPL,584449,128027908
Mstc Limited,MSTCLTD,MSTC,2395137,138904836
Mtar Technologies Limited,MTARTECH,MTARTECH,693505,139077124
Mahanagar Telephone Nigam Limited,MTNL,MTNL,587265,128027652
Mukta Arts Limited,MUKTAARTS,MUKTAARTS,2223873,136283396
Munjal Auto Industries Limited,MUNJALAU,MUNJALAU,3458817,133135108
Munjal Showa Limited,MUNJALSHOW,MUNJALSHOW,590593,133131012
Murudeshwar Ceramics Limited,MURUDCERA,MURUDCERA,592129,131849476
Muthoot Capital Services Limited,MUTHOOTCAP,MUTHTFN,2666241,131012100
Muthoot Finance Limited,MUTHOOTFIN,MUTHOOTFIN,6054401,136549892
NACL Industries Limited,NACLIND,NACLIND,5228801,134325508
Nagarjuna Fertilizers and Chemicals Limited,NAGAFERT,NAGARFERT,4427521,138218756
Nagreeka Capital & Infrastructure Limited,NAGREEKCAP,NAGREEKCAP,3825153,136421124
Nagreeka Exports Limited,NAGREEKEXP,NAGREEKEXP,3763713,133403908
Nahar Capital and Financial Services Limited,NAHARCAP,NAHARCAP,3932161,136435716
Nahar Industrial Enterprises Limited,NAHARINDUS,NAHARINDUS,3355137,132898820
Nahar Poly Films Limited,NAHARPOLY,NAHARPOLY,3697921,133988100
Nahar Spinning Mills Limited,NAHARSPING,NAHARSPING,3696641,128075780
Nippon Life India Asset Management Limited,NAM-INDIA,NAM-INDIA,91393,138436356
Natco Pharma Limited,NATCOPHARM,NATCOPHARM,1003009,134352900
Nath Bio-Genes (India) Limited,NATHBIOGEN,NATHBIOGEN,2832641,137546500
National Aluminium Company Limited,NATIONALUM,NATIONALUM,1629185,136251908
Info Edge (India) Limited,NAUKRI,NAUKRI,3520257,136390916
Navin Fluorine International Limited,NAVINFLUOR,NAVINFLUOR,3756033,136321028
Navkar Corporation Limited,NAVKARCORP,NAVKARCORP,2702593,138068996
Nazara Technologies Limited,NAZARA,NAZARA,764673,139079684
NBCC (India) Limited,NBCC,NBCC,8042241,136783108
Nava Bharat Ventures Limited,NBVENTURES,NBVENTURES*,1027585,131333892
NCC Limited,NCC,NCC,593665,128075268
NCL Industries Limited,NCLIND,NCLIND,3709441,128555012
Ndr Auto Components Limited,NDRAUTO,NDRAUTO,5697281,139062788
New Delhi Television Limited,NDTV,NDTV,2925313,136327428
North Eastern Carrying Corporation Limited,NECCLTD,NECCLTD,3461633,136861444
Nectar Lifesciences Limited,NECLIFE,NECLIFE,3053313,136358148
Nelcast Limited,NELCAST,NELCAST,3778817,136413188
NELCO Limited,NELCO,NELCO,611329,129052676
Neogen Chemicals Limited,NEOGEN,NEOGEN,2538753,138922244
Nesco Limited,NESCO,NESCO,3944705,129370884
Nestle India Limited,NESTLEIND,NESTLEIND,4598529,128202244
Network18 Media & Investments Limited,NETWORK18,NETWORK18,3612417,136396292
Newgen Software Technologies Limited,NEWGEN,NEWGEN,297985,138470404
Next Mediaworks Limited,NEXTMEDIA,NEXTMEDIA,2525953,136298500
National Fertilizers Limited,NFL,NFL,3564801,134049284
Narayana Hrudayalaya Ltd.,NH,NH,3031041,138125060
NHPC Limited,NHPC,NHPC,4454401,136473092
The New India Assurance Company Limited,NIACL,NIACL,102145,138436868
NIIT Limited,NIITLTD,NIITLTD,2949633,128077828
Nila Infrastructures Limited,NILAINFRA,NILA,2368769,135776516
Nila Spaces Limited,NILASPACES,NILASPACES,1897217,138811140
Nilkamal Limited,NILKAMAL,NILKAMAL,619777,133986564
Indo-National Limited,NIPPOBATRY,NIPPOBATRY,1736193,129038852
Niraj Cement Structurals Limited,NIRAJ,NIRAJ,65281,136444420
Nitco Limited,NITCO,NITCO,3404801,136376836
Nitin Spinners Limited,NITINSPIN,NITINSPIN,3372801,136370692
NLC India Limited,NLCINDIA,NLCINDIA,2197761,131502852
NMDC Limited,NMDC,NMDC,3924993,134750980
NOCIL Limited,NOCIL,NOCIL,625153,128186884
Noida Toll Bridge Company Limited,NOIDATOLL,NOIDATOLL,2761217,136315140
Novartis India Limited,NOVARTIND,NOVARTIND,2305793,128172036
N R Agarwal Industries Limited,NRAIL,NRAGRINDQ,5200385,132116996
NRB Bearing Limited,NRBBEARING,NRBBEARING,1933569,135773956
Nalwa Sons Investments Limited,NSIL,NSIL,2877185,136257540
NTPC Limited,NTPC,NTPC,2977281,136334084
Nucleus Software Exports Limited,NUCLEUS,NUCLEUS,2762497,135989508
Nureca Limited,NURECA,NURECA,601601,139075588
NXTDIGITAL LIMITED,NXTDIGITAL,NXTDIGITAL,3724033,128048388
Oriental Aromatics Limited,OAL,OAL,2756609,128019972
Oberoi Realty Limited,OBEROIRLTY,OBEROIRLTY,5181953,136517892
Oriental Carbon & Chemicals Limited,OCCL,ORIENTCQ,3131137,129684228
Oracle Financial Services Software Limited,OFSS,OFSS,2748929,136311300
Oil India Limited,OIL,OIL,4464129,136475140
Olectra Greentech Limited,OLECTRA,OLECTRA,2723073,136304388
Omax Autos Limited,OMAXAUTO,OMAXAUTO,2796033,133125380
Omaxe Limited,OMAXE,OMAXE,3802369,136417284
OM INFRA LIMITED,OMINFRAL,OMINFRAL,6203137,135959556
Oil & Natural Gas Corporation Limited,ONGC,ONGC,633601,128079876
OnMobile Global Limited,ONMOBILE,ONMOBILE,3911169,136433668
Orbit Exports Limited,ORBTEXP,ORBTEXP,8057601,131232260
Orchid Pharma Limited,ORCHPHARMA,ORCHIDPHAR,237057,134239236
Oricon Enterprises Limited,ORICONENT,ORICON,2600705,131358980
Orient Abrasives Limited,ORIENTABRA,ORIENTABRA,3356417,129249028
Oriental Trimex Limited,ORIENTALTL,ORIENTALTL,3672577,136401156
Orient Bell Limited,ORIENTBELL,ORIENTBELL,3655169,135773444
Orient Cement Limited,ORIENTCEM,ORIENTCEM,7702785,137153028
Orient Electric Limited,ORIENTELEC,ORIENTELEC,760833,138573060
Oriental Hotels Limited,ORIENTHOT,ORIENTHOT,638209,128080388
Orient Press Limited,ORIENTLTD,ORIENTLTD,4661249,134739204
Orient Paper & Industries Limited,ORIENTPPR,ORIENTPPR,638977,128619524
Orient Refractories Limited,ORIENTREF,ORIENTREF,7977729,136723460
The Orissa Minerals Development Company Limited,ORISSAMINE,ORISSAMINE,5102337,151062020
Ortin Laboratories Limited,ORTINLAB,ORTINLAABS,762625,138057476
Oswal Agro Mills Limited,OSWALAGRO,OSWALAGRO,643585,128081156
Page Industries Limited,PAGEIND,PAGEIND,3689729,136403716
Paisalo Digital Limited,PAISALO,PAISALO,6519809,136422404
Palred Technologies Limited,PALREDTEC,PALRED,4367873,136325380
Panacea Biotec Limited,PANACEABIO,PANACEABIO,1038081,136025348
Panama Petrochem Limited,PANAMAPET,PANAMAPET,6500353,134353924
Paramount Communications Limited,PARACABLES,PARACABLES,3571457,135822084
Parag Milk Foods Limited,PARAGMILK,PARAGMILK,4385281,138211588
Parsvnath Developers Limited,PARSVNATH,PARSVNATH,3530497,136391684
Patel Engineering Limited,PATELENG,PATELENG,2994945,135966724
Patel Integrated Logistics Limited,PATINTLOG,PATINTLOG,3896065,134753540
PBA Infrastructure Limited,PBAINFRA,PBAINFRA,3342081,136365060
PC Jeweller Limited,PCJEWELLER,PCJEWELLER,7455745,136911108
Pudumjee Paper Products Limited,PDMJEPAPER,PDMJEPAPER,3936513,138184964
PDS Multinational Fashions Limited,PDSMFL,PDSMFL,1347585,137914884
Pearl Polymers Limited,PEARLPOLY,PEARLPOLY,668161,133954564
Piramal Enterprises Limited,PEL,PEL,617473,128077316
Pennar Industries Limited,PENIND,PENIND,5278977,131386372
Persistent Systems Limited,PERSISTENT,PERSISTENT,4701441,136493828
Petronet LNG Limited,PETRONET,PETRONET,2905857,136325636
Power Finance Corporation Limited,PFC,PFC,3660545,136399364
Pfizer Limited,PFIZER,PFIZER,676609,128174084
PTC India Financial Services Limited,PFS,PFS,5786113,136536068
PG Electroplast Limited,PGEL,PGEL,6491649,136596740
Procter & Gamble Hygiene and Health Care Limited,PGHH,PGHH,648961,128117508
Procter & Gamble Health Limited,PGHL,PGHL,240641,128032260
Pearl Global Industries Limited,PGIL,PGIL,3650561,136398852
Phillips Carbon Black Limited,PHILIPCARB,PHILIPCARB,678145,129687044
The Phoenix Mills Limited,PHOENIXLTD,PHOENIXLTD,3725313,128793604
Pidilite Industries Limited,PIDILITIND,PIDILITIND,681985,128084740
PI Industries Limited,PIIND,PIIND,6191105,134052356
Pilani Investment and Industries Corporation Limited,PILANIINVS,PILANIINVS,2929921,138210052
PIL ITALICA LIFESTYLE LIMITED,PILITA,PILITA,7893761,128083716
Pioneer Distilleries Limited,PIONDIST,PIONDIST,4861953,136161028
Pioneer Embroideries Limited,PIONEEREMB,PIONEEREMB,3446529,131660804
Pitti Engineering Limited,PITTIENG,PITTIENG,3618305,131460868
Plastiblends India Limited,PLASTIBLEN,PLASTIBLEN,3563521,134053892
Punjab National Bank,PNB,PNB,2730497,136310020
PNB Gilts Limited,PNBGILTS,PNBGILTS,2236417,136285700
PNC Infratech Limited,PNCINFRA,PNCINFRA,2402561,138022404
Poddar Housing and Development Limited,PODDARHOUS,PODDAR,5234177,134048772
Poddar Pigments Limited,PODDARMENT,PODARPIGQ,4873217,134289924
Pokarna Limited,POKARNA,POKARNA,4518657,136316420
Polycab India Limited,POLYCAB,POLYCAB,2455041,138918916
Poly Medicure Limited,POLYMED,POLYMED,6583809,136132612
Polyplex Corporation Limited,POLYPLEX,POLYPLEX,687873,134157060
Ponni Sugars (Erode) Limited,PONNIERODE,PONNIERODE,2729217,136309764
Power Grid Corporation of India Limited,POWERGRID,POWERGRID,3834113,136421892
ABB Power Products and Systems India Limited,POWERINDIA,POWERINDIA,4724993,139055876
Power Mech Projects Limited,POWERMECH,POWERMECH,2681089,138061316
PPAP Automotive Limited,PPAP,PPAP,3893505,136431108
Prakash Pipes Limited,PPL,PPL,2636033,138927108
Prajay Engineers Syndicate Limited,PRAENG,PRAENG,3568897,136126980
Prakash Industries Limited,PRAKASH,PRAKASH,693249,129541636
Praxis Home Retail Limited,PRAXIS,PRAXIS,308225,138470660
Precision Camshafts Limited,PRECAM,PRECAM,3226369,138146820
Precision Wires India Limited,PRECWIRE,PRECWIRE,695553,134025988
Premier Explosives Limited,PREMEXPLN,PREMEXPLQ,4453633,134719236
Premier Polyfilm Limited,PREMIERPOL,PREMIERPOL,1000449,131674628
Pressman Advertising Limited,PRESSMN,PRESSMN,2987777,130323716
Prestige Estates Projects Limited,PRESTIGE,PRESTIGE,5197313,136518148
Pricol Limited,PRICOLLTD,PRICOLLTD,5025537,138315012
Prime Securities Limited,PRIMESECU,PRIMESECU,3037185,128086276
Prince Pipes And Fittings Limited,PRINCEPIPE,PRINCEPIPE,4107521,138984196
Privi Speciality Chemicals Limited,PRIVISCL,PRIVISCL,2259201,135709956
Proseed India Limited,PROINDIA,PROSEED,908033,151054596
Prism Johnson Limited,PRSMJOHNSN,PRSMJOHNSN,701185,128086532
Punjab & Sind Bank,PSB,PSB,5376257,136523524
PSP Projects Limited,PSPPROJECT,PSPPROJECT,5344513,138379268
PTC India Limited,PTC,PTC,2906881,136326148
PTL Enterprises Limited,PTL,PTL,3609857,130360324
Punjab Chemicals & Crop Protection Limited,PUNJABCHEM,PUNJABCHEM,1112065,129694212
Puravankara Limited,PURVA,PURVA,3820033,136420100
PVR Limited,PVR,PVR,3365633,136368388
Quess Corp Limited,QUESS,QUESS,4532225,138234372
Quick Heal Technologies Limited,QUICKHEAL,QUICKHEAL,3357697,138157572
Radaan Mediaworks India Limited,RADAAN,RADAAN,2798593,151057924
Radico Khaitan Limited,RADICO,RADICO,2813441,136319236
Music Broadcast Limited,RADIOCITY,RADIOCITY,5088513,138333700
Railtel Corporation Of India Limited,RAILTEL,RAILTEL,622337,139075844
Rain Industries Limited,RAIN,RAIN,3926273,128086788
Rajesh Exports Limited,RAJESHEXPO,RAJESHEXPO,1894657,136064004
Rajratan Global Wire Limited,RAJRATAN,RAJGLOWIR,4854273,132485636
Raj Television Network Limited,RAJTV,RAJTV,3687169,136403460
Rallis India Limited,RALLIS,RALLIS,720897,128090884
Shree Rama Newsprint Limited,RAMANEWS,RAMANEWS,3472641,128091140
Rama Steel Tubes Limited,RAMASTEEL,RAMASTEEL,2636801,138063108
The Ramco Cements Limited,RAMCOCEM,RAMCOCEM,523009,128066564
Ramco Industries Limited,RAMCOIND,RAMCOIND,1174273,136286468
Ramco Systems Limited,RAMCOSYS,RAMCOSYS,2009857,136286724
Ramky Infrastructure Limited,RAMKY,RAMKY,5154305,136515076
Rana Sugars Limited,RANASUG,RANASUG,726273,129917444
Rane Engine Valve Limited,RANEENGINE,RANEENGINE,4288257,136444932
Rane Holdings Limited,RANEHOLDIN,RANEHOLDIN,728065,129484804
Ratnamani Metals & Tubes Limited,RATNAMANI,RATNAMANI,3443457,133148420
Raymond Limited,RAYMOND,RAYMOND,731905,128084484
Rane Brake Lining Limited,RBL,RBL,4286721,136444676
RBL Bank Limited,RBLBANK,RBLBANK,4708097,138256644
Rashtriya Chemicals and Fertilizers Limited,RCF,RCF,733697,134202884
Reliance Communications Limited,RCOM,RCOM,3375873,136374276
REC Limited,RECLTD,RECLTD,3930881,136436484
Redington (India) Limited,REDINGTON,REDINGTON,3649281,136398084
Refex Industries Limited,REFEX,REFEX,4547585,136418308
Relaxo Footwears Limited,RELAXO,RELAXO,6201601,135812356
Reliance Capital Limited,RELCAPITAL,RELCAPITAL,737793,128028420
Reliance Industries Limited,RELIANCE,RELIANCE,738561,128083204
Religare Enterprises Limited,RELIGARE,RELIGARE,3857409,136426244
Remsons Industries Limited,REMSONSIND,REMSONSIND,1015041,135915268
Shree Renuka Sugars Limited,RENUKA,RENUKA,3078657,136363524
Repco Home Finance Limited,REPCOHOME,REPCOHOME,7577089,137042436
Repro India Limited,REPRO,REPRO,3360257,136367876
Responsive Industries Limited,RESPONIND,RESPONIND,5202689,129410308
Revathi Equipment Limited,REVATHI,REVATHI,3062017,129374212
Renaissance Global Limited,RGL,RGL,3873025,136428292
Rico Auto Industries Limited,RICOAUTO,RICOAUTO,744705,133122052
Reliance Industrial Infrastructure Limited,RIIL,RIIL,745473,134001924
RITES Limited,RITES,RITES,962817,138638340
Ravi Kumar Distilleries Limited,RKDL,RKDL,5363201,136523268
Ramkrishna Forgings Limited,RKFORGE,RKFORGE,2921217,136326916
Rane (Madras) Limited,RML,RML,3065601,136361220
Royal Orchid Hotels Limited,ROHLTD,ROHLTD,3374593,136370948
Rollatainers Limited,ROLLT,ROLLT,4890625,128626692
Rolta India Limited,ROLTA,ROLTA,747009,128093700
Raj Oil Mills Limited,ROML,RAJOIL,91905,136471812
Rossari Biotech Limited,ROSSARI,ROSSARI,4968961,139062532
Rossell India Limited,ROSSELLIND,ROSSELLIND,7401729,136491012
ROUTE MOBILE LIMITED,ROUTE,ROUTE,32769,139066372
RPG Life Sciences Limited,RPGLIFE,RPGLIFE,4281601,136443652
R.P.P. Infra Projects Limited,RPPINFRA,RPPINFRA,5314561,136520708
RPSG VENTURES LIMITED,RPSGVENT,RPSGVENT,2078465,138837252
RSWM Limited,RSWM,RSWM,715265,128089604
R Systems International Limited,RSYSTEMS,RSYSTEMINT,3433985,136380164
RattanIndia Power Limited,RTNPOWER,RTNPOWER,4485121,136479236
The Ruby Mills Limited,RUBYMILLS,RUBYMILLS,752385,128811268
Ruchi Soya Industries Limited,RUCHI,RUCHISOYA,4359425,128094212
Ruchira Papers Limited,RUCHIRA,RUCHIRA,3538177,136392964
Rupa & Company Limited,RUPA,RUPA,6585345,136589316
Ravinder Heights Limited,RVHL,RVHL,400641,139072260
Rail Vikas Nigam Limited,RVNL,RVNL,2445313,138918148
Sadbhav Engineering Limited,SADBHAV,SADBHAV,3388417,136373764
Sadbhav Infrastructure Project Limited,SADBHIN,SADBHIN,2718209,138072580
Safari Industries (India) Limited,SAFARI,SAFARIND,3336961,133894404
Sagar Cements Limited,SAGCEM,SAGCEM,3601409,128535044
Steel Authority of India Limited,SAIL,SAIL,758529,128028932
Saksoft Limited,SAKSOFT,SAKSOFT,3019265,151053060
Sakuma Exports Limited,SAKUMA,SAKUMA,3392257,136374532
Salasar Techno Engineering Limited,SALASAR,SALASAR,5468673,138404356
Salona Cotspin Limited,SALONA,SALONACOT,4441857,151054340
Salzer Electronics Limited,SALZERELEC,SALZER,2918145,132367108
The Sandesh Limited,SANDESH,SANDESH,764929,134841604
Sandhar Technologies Limited,SANDHAR,SANDHAR,613633,138537732
Sangam (India) Limited,SANGAMIND,SANGAMIND,1071105,131643908
Sanghi Industries Limited,SANGHIIND,SANGHIIND,767233,134789380
Sanghvi Movers Limited,SANGHVIMOV,SANGHVIMOV,3598849,135698692
Sanofi India Limited,SANOFI,SANOFI,369153,128172548
Sarda Energy & Minerals Limited,SARDAEN,SARDAEN,4546049,129181188
Sarla Performance Fibers Limited,SARLAPOLY,SARLAPOLY,3595009,134882564
Sasken Technologies Limited,SASKEN,SASKEN,3067649,136361732
Sastasundar Ventures Limited,SASTASUNDR,SASTASUNDR,5136129,136514308
Satia Industries Limited,SATIA,SATIA,2827521,138035460
Satin Creditcare Network Limited,SATIN,SATIN,2675969,138087428
SBI Cards and Payment Services Limited,SBICARD,SBICARD,4600577,139024900
SBI Life Insurance Company Limited,SBILIFE,SBILIFE,5582849,138424068
State Bank of India,SBIN,SBIN,779521,128028676
Stampede Capital Limited,SCAPDVR,SCAPDVR,4353,145921284
Schaeffler India Limited,SCHAEFFLER,SCHAEFFLER,258817,129482244
S Chand And Company Limited,SCHAND,SCHAND,5298689,138367236
Schneider Electric Infrastructure Limited,SCHNEIDER,SCHNEIDER,7995905,136739588
Shipping Corporation Of India Limited,SCI,SCI,780289,134041092
Seamec Limited,SEAMECLTD,SEAMECLTD,669697,134862596
SECUREKLOUD TECHNOLOGIES LIMITED,SECURKLOUD,SECURKLOUD,2830849,131113220
Selan Exploration Technology Limited,SELAN,SELAN,3481089,135699204
Sequent Scientific Limited,SEQUENT,SEQUENT,3659777,131207428
Seshasayee Paper and Boards Limited,SESHAPAPER,SESHAPAPER,784897,128627204
Setco Automotive Limited,SETCO,SETCO,4483585,129299204
Seya Industries Limited,SEYAIND,SEYAIND,2771969,134226948
Sheela Foam Limited,SFL,SFL,4911105,138291972
STL Global Limited,SGL,SGL,3421953,136378884
Shakti Pumps (India) Limited,SHAKTIPUMP,SHAKTIPUMP,6546945,136046340
Shalby Limited,SHALBY,SHALBY,182785,138444036
Shalimar Paints Limited,SHALPAINTS,SHALPAINTS,3927553,130527748
Shankara Building Products Limited,SHANKARA,SHANKARA,5202177,138348804
Shanthi Gears Limited,SHANTIGEAR,SHANTIGEAR,787969,133640708
Sharda Cropchem Limited,SHARDACROP,SHARDACROP,1277953,137898500
Sharda Motor Industries Limited,SHARDAMOTR,SHARDA,2695681,137114116
Share India Securities Limited,SHAREINDIA,SHAREINDIA,26625,138425604
Shilpa Medicare Limited,SHILPAMED,SHILPAMED,4544513,135820548
Shiva Mills Limited,SHIVAMILLS,SHIVAMILLS,383233,138486020
Shiva Texyarn Limited,SHIVATEX,SHIVTEX,205825,130843652
S H Kelkar and Company Limited,SHK,SHK,2870273,138099204
Shoppers Stop Limited,SHOPERSTOP,SHOPERSTOP,3024129,136355332
Shree Digvijay Cement Co.Ltd,SHREDIGCEM,SHREDIGCEM,793345,128558084
SHREE CEMENT LIMITED,SHREECEM,SHREECEM,794369,128099076
Shree Pushkar Chemicals & Fertilisers Limited,SHREEPUSHK,SHREEPUSHK,2710529,138069508
Shree Rama Multi-Tech Limited,SHREERAMA,SHREERAMA,1952513,136271364
Shreyans Industries Limited,SHREYANIND,SHREYANIND,800257,132100100
Shreyas Shipping & Logistics Limited,SHREYAS,SHREYAS,801025,133158660
Shriram City Union Finance Limited,SHRIRAMCIT,SHRIRAMCIT,3005185,136319492
Shriram EPC Limited,SHRIRAMEPC,SHRIRAMEPC,3918849,136433924
Shyam Century Ferrous Limited,SHYAMCENT,SCFL,2608129,138048516
Shyam Telecom Limited,SHYAMTEL,SHYAMTEL,3517441,132457220
Sical Logistics Limited,SICAL,SICAL,1630209,133142020
Siemens Limited,SIEMENS,SIEMENS,806401,128140804
Signet Industries Limited,SIGIND,SIGNETIND,1157633,131105540
SIL Investments Limited,SILINV,SILINV,1050881,133425668
Simplex Infrastructures Limited,SIMPLEXINF,SIMPLEXINF,809473,134102532
SIS LIMITED,SIS,SIS,5504257,138412292
Siyaram Silk Mills Limited,SIYSIL,SIYSIL,3608577,128975620
SJVN Limited,SJVN,SJVN,4834049,136500740
SKF India Limited,SKFINDIA,SKFINDIA,815617,128120836
Skipper Limited,SKIPPER,SKIPPER,2413569,137871876
SKM Egg Products Export (India) Limited,SKMEGGPROD,SKMEGGPROD,1211393,136228612
Smartlink Holdings Limited,SMARTLINK,SMARTLINK,2531585,136299268
SMC Global Securities Limited,SMCGLOBAL,SMCGLOBAL,593921,139075332
SML Isuzu Limited,SMLISUZU,SMLISUZU,867073,129329156
SMS Lifesciences India Limited,SMSLIFE,SMSLIFE,5517057,138413828
SMS Pharmaceuticals Limited,SMSPHARMA,SMSPHARMA,3668225,136400644
Snowman Logistics Limited,SNOWMAN,SNOWMAN,1239809,137890564
Sobha Limited,SOBHA,SOBHA,3539457,136392708
Solara Active Pharma Sciences Limited,SOLARA,SOLARA,940033,138634244
Solar Industries India Limited,SOLARINDS,SOLARINDS,3412993,136377604
Somany Ceramics Limited,SOMANYCERA,SOMANYCERA,993281,136076292
Somi Conveyor Beltings Limited,SOMICONVEY,SOMICONV,4555265,136448260
Sonata Software Limited,SONATSOFTW,SONATSOFTW,1688577,136248580
SORIL Infra Resources Limited,SORILINFRA,SORILINFRA,3347457,136365828
Savita Oil Technologies Limited,SOTL,SOTL,773377,134314756
The South Indian Bank Limited,SOUTHBANK,SOUTHBANK,1522689,136247812
S. P. Apparels Limited,SPAL,SPAL,4672513,138252292
Spandana Sphoorty Financial Limited,SPANDANA,SPANDANA,2927361,138946308
Sun Pharma Advanced Research Company Limited,SPARC,SPARC,3785729,136415236
Speciality Restaurants Limited,SPECIALITY,SPECIALITY,6939393,136812804
Spencer's Retail Limited,SPENCERS,SPENCER,2089729,138838276
Southern Petrochemicals Industries Corporation  Limited,SPIC,SPIC,832513,151047684
SPICEJET LTD,SPICEJET,SPICEJET,2930177,128072964
SPL Industries Limited,SPLIL,SPLIL,3055361,136358660
Sreeleathers Limited,SREEL,SREEL,8150273,137113860
SREI Infrastructure Finance Limited,SREINFRA,SREINFRA,836353,134081540
SRF Limited,SRF,SRF,837889,128974340
Sree Rayalaseema Hi-Strength Hypo Limited,SRHHYPOLTD,SRHHYPOLTD,3732993,136407556
Srikalahasthi Pipes Limited,SRIPIPES,SRIPIPES,3821313,131482884
Shriram Transport Finance Company Limited,SRTRANSFIN,SRTRANSFIN,1102337,130871812
Steel Strips Wheels Limited,SSWL,SSWL,3028225,131395076
Strides Pharma Science Limited,STAR,STAR,1887745,136327940
Star Cement Limited,STARCEMENT,STARCEMENT,5399297,138387204
Star Paper Mills Limited,STARPAPER,STARPAPER,842497,132101636
The State Trading Corporation of India Limited,STCINDIA,STCINDIA,2802689,131207940
STEEL EXCHANGE INDIA LIMITED,STEELXIND,STEELXIND,5462785,136895492
Stel Holdings Limited,STEL,STEL,5499905,136528900
Sterling Tools Limited,STERTOOLS,STERTOOLS,1100545,135874308
Sterlite Technologies Limited,STLTECH,STLTECH,2383105,136287748
Stove Kraft Limited,STOVEKRAFT,STOVEKRAFT,539393,139074564
Subex Limited,SUBEXLTD,SUBEX,247553,136281092
Subros Limited,SUBROS,SUBROS,850945,132395012
Sudarshan Chemical Industries Limited,SUDARSCHEM,SUDARSCHEM,851713,129703684
Sumitomo Chemical India Limited,SUMICHEM,SUMICHEM,4378881,138987524
Summit Securities Limited,SUMMITSEC,SUMMITSEC,5446401,136526340
Sundaram Clayton Limited,SUNCLAYLTD,SUNCLAYLTD,7426049,133134340
Sundaram Finance Limited,SUNDARMFIN,SUNDARMFIN,854785,151058180
Sundaram Brake Linings Limited,SUNDRMBRAK,SUNDRMBRAK,1069825,151058436
Sundram Fasteners Limited,SUNDRMFAST,SUNDRMFAST,856321,128103172
Sunflag Iron And Steel Company Limited,SUNFLAG,SUNFLAG,857089,128103428
Sun Pharmaceutical Industries Limited,SUNPHARMA,SUNPHARMA,857857,134327044
Sunteck Realty Limited,SUNTECK,SUNTECK,4516097,131117828
Sun TV Network Limited,SUNTV,SUNTV,3431425,136379652
Superhouse Limited,SUPERHOUSE,SUPERHOUSE,5277697,133960452
Suprajit Engineering Limited,SUPRAJIT,SUPRAJIT,2992385,136322308
Supreme Industries Limited,SUPREMEIND,SUPREMEIND,860929,130542084
Surana Solar Limited,SURANASOL,SURANASOL,5395713,136524292
Surana Telecom and Power Limited,SURANAT&P,SURANAT&P,2739201,132487684
Surya Roshni Limited,SURYAROSNI,SURYAROSNI,864001,128086020
Suryoday Small Finance Bank Limited,SURYODAY,SURYODAY,760321,139079428
Sutlej Textiles and Industries Limited,SUTLEJTEX,SUTLEJTEX,3533057,136392196
Suven Life Sciences Limited,SUVEN,SUVEN,2875649,135741188
Suven Pharmaceuticals Limited,SUVENPHAR,SUVENPHAR,4593921,139024388
Suvidhaa Infoserve Limited,SUVIDHAA,SUVIDHAA,767489,139079940
Suzlon Energy Limited,SUZLON,SUZLON,3076609,136362756
Swan Energy Limited,SWANENERGY,SWANENERGY,6936321,128847364
Swaraj Engines Limited,SWARAJENG,SWARAJENG,866305,128104196
Swelect Energy Systems Limited,SWELECTES,SWELECTES,3048705,136205060
Sterling And Wilson Solar Limited,SWSOLAR,SWSOLAR,3197185,138946564
Symphony Limited,SYMPHONY,SYMPHONY,6192641,132450564
Syngene International Limited,SYNGENE,SYNGENE,2622209,138052612
Tainwala Chemical and Plastic (I) Limited,TAINWALCHM,TAINWALCHM,869377,129992964
Taj GVK Hotels & Resorts Limited,TAJGVK,TAJGVK,2394625,136291844
Take Solutions Limited,TAKE,TAKE,3818753,136419844
Talbros Automotive Components Limited,TALBROAUTO,TALBROAUTO,3493889,129320964
TARC Limited,TARC,TARC,404737,139071748
Tarmat Limited,TARMAT,TARMAT,3781377,136414468
Tasty Bite Eatables Limited,TASTYBITE,TASTYBIT,5143553,132887300
Tata Chemicals Limited,TATACHEM,TATACHEM,871681,128197124
Tata Coffee Limited,TATACOFFEE,TATACOFFEE,185345,136269060
Tata Communications Limited,TATACOMM,TATACOMM,952577,128123652
TATA CONSUMER PRODUCTS LIMITED,TATACONSUM,TATACONSUM,878593,128204804
Tata Elxsi Limited,TATAELXSI,TATAELXSI,873217,128104452
Tata Investment Corporation Limited,TATAINVEST,TATAINVEST,414977,128333060
Tata Metaliks Limited,TATAMETALI,TATAMETALI,876289,131439108
Tata Motors Limited,TATAMOTORS,TATAMOTORS,884737,128145924
Tata Motors Limited,TATAMTRDVR,TATAMTRDVR,4343041,145920260
Tata Power Company Limited,TATAPOWER,TATAPOWER,877057,128102404
Tata Steel Limited,TATASTEEL,TATASTEEL,895745,128120324
Tata Steel Bsl Limited,TATASTLBSL,TATASTLBSL,114433,128014084
Tribhovandas Bhimji Zaveri Limited,TBZ,TBZ,6921473,136798468
Transport Corporation of India Limited,TCI,TCI,2708481,136281348
TCI Developers Limited,TCIDEVELOP,TCIDEVELOP,6003713,136548612
TCI Express Limited,TCIEXP,TCIEXP,4921089,138294276
TCI Finance Limited,TCIFINANCE,TCIFINANCE,1221377,128317956
TCNS Clothing Co. Limited,TCNSBRANDS,TCNSBRANDS,1068033,138675204
TCPL Packaging Limited,TCPLPACK,TCPLPACK,47105,133965060
Tata Consultancy Services Limited,TCS,TCS,2953217,136330244
TD Power Systems Limited,TDPOWERSYS,TDPOWERSYS,6445569,136589572
Teamlease Services Limited,TEAMLEASE,TEAMLEASE,3255297,138152452
Tech Mahindra Limited,TECHM,TECHM,3465729,136385284
Techno Electric & Engineering Company Limited,TECHNOE,TECHNOE,1649921,138788100
Tera Software Limited,TERASOFT,TERASOFT,4938753,136699396
Texmaco Infrastructure & Holdings Limited,TEXINFRA,TEXINFRA,2956545,129382404
Texmo Pipes and Products Limited,TEXMOPIPES,TEXMOPIPES,4662785,136489988
Texmaco Rail & Engineering Limited,TEXRAIL,TEXRAIL,5587969,136531460
Tourism Finance Corporation of India Limited,TFCILTD,TFCILTD,887297,134822404
Thangamayil Jewellery Limited,THANGAMAYL,THANGAMAYL,4638209,136488452
The Investment Trust Of India Limited,THEINVEST,THEINVEST,5485313,135685892
Themis Medicare Limited,THEMISMED,THEMISMED,3708161,135730948
Thermax Limited,THERMAX,THERMAX,889601,128105220
Thomas Cook  (India)  Limited,THOMASCOOK,THOMASCOOK,891137,128105732
Thyrocare Technologies Limited,THYROCARE,THYROCARE,4360193,138206980
Tilaknagar Industries Limited,TI,TI,4914177,129844484
Tide Water Oil Company (India) Limited,TIDEWATER,TIDEWATER,3588865,151041284
Technocraft Industries (India) Limited,TIIL,TIIL,3641089,136397828
Tube Investments of India Limited,TIINDIA,TIINDIA,79873,138435076
Tijaria Polypipes Limited,TIJARIA,TIJARIA,6523393,136609028
Times Guaranty Limited,TIMESGTY,TIMESGTY,2743553,130959108
Time Technoplast Limited,TIMETECHNO,TIMETECHNO,3764993,136411140
Timken India Limited,TIMKEN,TIMKEN,3634689,133660932
The Tinplate Company of India Limited,TINPLATE,TINPLATE,894209,129271300
Thirumalai Chemicals Limited,TIRUMALCHM,TIRUMALCHM,894977,128105476
Titan Company Limited,TITAN,TITAN,897537,128029188
Tamilnadu PetroProducts Limited,TNPETRO,TNPETRO,898305,128198916
Tamil Nadu Newsprint & Papers Limited,TNPL,TNPL,1018881,136045060
Tokyo Plast International Limited,TOKYOPLAST,TOKYOPLAST,982273,128107012
Torrent Pharmaceuticals Limited,TORNTPHARM,TORNTPHARM,900609,128107524
Torrent Power Limited,TORNTPOWER,TORNTPOWER,3529217,136391428
TPL Plastech Limited,TPLPLASTEH,TPLPLAST,2360065,134804996
TREJHARA SOLUTIONS LIMITED,TREJHARA,TREJHARA,1924609,138811652
Trent Limited,TRENT,TRENT,502785,128064260
TRF Limited,TRF,TRF,4604673,129498628
Trident Limited,TRIDENT,TRIDENT,2479361,133392388
Trigyn Technologies Limited,TRIGYN,TRIGYN,1389569,132495876
Transformers And Rectifiers (India) Limited,TRIL,TRIL,3884545,136429572
Triveni Turbine Limited,TRITURBINE,TRITURBINE,6549505,136615684
Triveni Engineering & Industries Limited,TRIVENI,TRIVENI,3348737,136283140
TTK Healthcare Limited,TTKHLTCARE,TTKHEALTH,2910465,129983236
TTK Prestige Limited,TTKPRESTIG,TTKPRESTIG,907777,132481540
TV18 Broadcast Limited,TV18BRDCST,TV18BRDCST,3637249,136396804
TVS Electronics Limited,TVSELECT,TVSELECT,2883841,136323332
TVS Motor Company Limited,TVSMOTOR,TVSMOTOR,2170625,136279812
TVS Srichakra Limited,TVSSRICHAK,TVSSRICHAK,3646721,130366212
TV Today Network Limited,TVTODAY,TVTODAY,2886401,136323844
Titagarh Wagons Limited,TWL,TWL,3945985,136439300
United Breweries Limited,UBL,UBL,4278529,136314372
Ucal Fuel Systems Limited,UCALFUEL,UCALFUEL,913921,128118788
UCO Bank,UCOBANK,UCOBANK,2873089,136321284
UFLEX Limited,UFLEX,UFLEX,269569,128037892
UFO Moviez India Limited,UFO,UFO,2313985,138020100
The Ugar Sugar Works Limited,UGARSUGAR,UGARSUGAR,5011969,135772932
Ujjivan Financial Services Limited,UJJIVAN,UJJIVAN,4369665,138207748
Ujjivan Small Finance Bank Limited,UJJIVANSFB,UJJIVANSFB,3898369,138983428
UltraTech Cement Limited,ULTRACEMCO,ULTRACEMCO,2952193,136329732
Umang Dairies Limited,UMANGDAIRY,UMANGDAIR,2915073,128059140
Unichem Laboratories Limited,UNICHEMLAB,UNICHEMLAB,916225,129712644
United Drilling Tools Limited,UNIDT,UNIDT,51457,133635588
Uniphos Enterprises Limited,UNIENTER,UNIPHOS,2891009,128109828
Union Bank of India,UNIONBANK,UNIONBANK,2752769,136314116
Universal Cables Limited,UNIVCABLES,UNIVCABLES,923393,129078276
Universus Photo Imagings Limited,UNIVPHOTO,UNIVPHOTO,4520705,138990852
UPL Limited,UPL,UPL,2889473,131089924
Urja Global Limited,URJA,URJAGLOBA,5171969,134908676
Usha Martin Limited,USHAMART,USHAMART,2263041,132389380
UTI Asset Management Company Limited,UTIAMC,UTIAMC,134913,139068932
Uttam Galva Steels Limited,UTTAMSTL,UTTAMSTL,930305,131383300
Uttam Sugar Mills Limited,UTTAMSUGAR,UTTAMSUGAR,3424257,136378628
V2 Retail Limited,V2RETAIL,V2RETAIL,3780097,136413956
Vadilal Industries Limited,VADILALIND,VADILALIND,6194177,132903940
Vaibhav Global Limited,VAIBHAVGBL,VAIBHAVGBL,2909185,136231940
Vakrangee Limited,VAKRANGEE,VAKRANGEE,3415553,130926340
Valiant Organics Limited,VALIANTORG,VALIANTORG,84481,138277124
Vardhman Polytex Limited,VARDMNPOLY,VARDMNPOLY,933377,131628804
Varroc Engineering Limited,VARROC,VARROC,987393,138643972
Vascon Engineers Limited,VASCONEQ,VASCONEQ,4636161,136487940
Vaswani Industries Limited,VASWANI,VASWANI,6487041,136595460
Varun Beverages Limited,VBL,VBL,4843777,138286084
Vedanta Limited,VEDL,VEDL,784129,128075524
Venky's (India) Limited,VENKEYS,VENKYS,961793,133954820
Venus Remedies Limited,VENUSREM,VENUSREM,3547905,134899972
Vesuvius India Limited,VESUVIUS,VESUVIUS,941057,133148932
Veto Switchgears And Cables Limited,VETO,VETO,2214913,138068740
V-Guard Industries Limited,VGUARD,VGUARD,3932673,136435972
Vardhman Holdings Limited,VHL,VHL,3044353,128112388
Vidhi Specialty Food Ingredients Limited,VIDHIING,VIDHIING,3465217,136119556
Vikas Lifecare Limited,VIKASLIFE,VIKASLIFE,2542337,138919684
Vikas Proppant & Granite Limited,VIKASPROP,VIKASPROP,3109889,136068612
Vikas WSP Limited,VIKASWSP,VIKASWSP,944129,132942596
Vimta Labs Limited,VIMTALABS,VIMTALABS,3353857,134244868
Vinati Organics Limited,VINATIORGA,VINATIORGA,4445185,134195204
Vindhya Telelinks Limited,VINDHYATEL,VINDHYATEL,945665,132355844
Vinyl Chemicals (India) Limited,VINYLINDIA,VINYLINDIA,4306177,134177028
VIP Clothing Limited,VIPCLOTHNG,VIPCLOTHNG,3799809,136348932
VIP Industries Limited,VIPIND,VIPIND,947969,130017284
Visaka Industries Limited,VISAKAIND,VISAKAIND,1080577,130318084
Vishal Fabrics Limited,VISHAL,VISHAL,3013889,137881092
Vishnu Chemicals Limited,VISHNU,VISHNU,1768449,132114436
Vishwaraj Sugar Industries Limited,VISHWARAJ,VISHWARAJ,3507713,138970116
VLS Finance Limited,VLSFINANCE,VLSFINANCE,951041,130901252
V-Mart Retail Limited,VMART,VMART,7496705,136953860
Voltamp Transformers Limited,VOLTAMP,VOLTAMP,3475713,136385796
Voltas Limited,VOLTAS,VOLTAS,951809,128147204
VRL Logistics Limited,VRLLOG,VRLLOG,2226177,138014212
Vardhman Special Steels Limited,VSSL,VSSL,6929153,136804356
VST Industries Limited,VSTIND,VSTIND,953345,130551300
V.S.T Tillers Tractors Limited,VSTTILLERS,VSTTILLERS,6218753,136004100
Vardhman Textiles Limited,VTL,VTL,530689,128764420
VA Tech Wabag Limited,WABAG,WABAG,5168129,136516868
WABCO India Limited,WABCOINDIA,WABCOINDIA,4330241,136453892
Walchandnagar Industries Limited,WALCHANNAG,WALCHANNAG,956417,129896964
Waterbase Limited,WATERBASE,WATERBASE,958721,134056964
Websol Energy System Limited,WEBELSOLAR,WEBELSOLAR,3738113,132479492
Weizmann Limited,WEIZMANIND,WEIZMANIND,959489,133890820
Welspun Corp Limited,WELCORP,WELCORP,3026177,136228868
Welspun Enterprises Limited,WELENT,WELENT,2976257,136333572
Welspun Investments and Commercials Limited,WELINV,WELINV,5068801,136512516
Welspun India Limited,WELSPUNIND,WELSPUNIND,2880769,131625476
Wendt (India) Limited,WENDT,WENDT,1084161,129385476
Westlife Development Ltd,WESTLIFE,WESTLIFE,2964481,129416452
Wheels India Limited,WHEELS,WHEELS,964097,151058692
Whirlpool of India Limited,WHIRLPOOL,WHIRLPOOL,4610817,128060932
Williamson Magor & Company Limited,WILLAMAGOR,WILLAMAGOR,965633,132921348
Windsor Machines Limited,WINDMACHIN,WINDMACHIN,6392065,133639428
Wipro Limited,WIPRO,WIPRO,969473,129967364
Wockhardt Limited,WOCKPHARMA,WOCKPHARMA,1921537,136268804
Wonderla Holidays Limited,WONDERLA,WONDERLA,768513,137796612
West Coast Paper Mills Limited,WSTCSTPAPR,WSTCSTPAPR,972545,128113668
Xchanging Solutions Limited,XCHANGING,XCHANGING,2996481,136349700
Xelpmoc Design And Tech Limited,XELPMOC,XELPMOC,2170113,138845956
Yes Bank Limited,YESBANK,YESBANK,3050241,136357892
Zee Entertainment Enterprises Limited,ZEEL,ZEEL,975873,129417476
Zee Learn Limited,ZEELEARN,ZEELEARN,5338113,136521476
Zee Media Corporation Limited,ZEEMEDIA,ZEEMEDIA,3584769,136395268
Zensar Technologies Limited,ZENSARTECH,ZENSARTECH,275457,129041156
Zen Technologies Limited,ZENTEC,ZENTEC,1922049,136534788
Zodiac Clothing Company Limited,ZODIACLOTH,ZODIACLOTH,978177,133417732
Zuari Agro Chemicals Limited,ZUARI,ZUARI,7436801,136893956
Zuari Global Limited,ZUARIGLOB,ZUARIGLOB,979713,128199684
Zydus Wellness Limited,ZYDUSWELL,ZYDUSWELL,4514561,136021764