2021-06-22 10:14:04+05:30,1380.6,25,"{'open': 1346.1, 'high': 1450.2, 'low': 1346.1, 'close': 1199.4}"
2021-06-22 10:14:20+05:30,1380.6,25,"{'open': 1346.1, 'high': 1450.2, 'low': 1346.1, 'close': 1199.4}"
2021-06-22 10:14:24+05:30,1380.6,25,"{'open': 1346.1, 'high': 1450.2, 'low': 1346.1, 'close': 1199.4}"
2021-06-22 10:15:00+05:30,1380.6,25,"{'open': 1346.1, 'high': 1450.2, 'low': 1346.1, 'close': 1199.4}"
2021-06-22 10:15:01+05:30,1380.6,25,"{'open': 1346.1, 'high': 1450.2, 'low': 1346.1, 'close': 1199.4}"
2021-06-22 10:15:02+05:30,1380.6,25,"{'open': 1346.1, 'high': 1450.2, 'low': 1346.1, 'close': 1199.4}"
2021-06-22 10:15:02+05:30,1380.6,25,"{'open': 1346.1, 'high': 1450.2, 'low': 1346.1, 'close': 1199.4}"
2021-06-22 10:15:03+05:30,1380.6,25,"{'open': 1346.1, 'high': 1450.2, 'low': 1346.1, 'close': 1199.4}"
2021-06-22 10:15:04+05:30,1380.6,25,"{'open': 1346.1, 'high': 1450.2, 'low': 1346.1, 'close': 1199.4}"
2021-06-22 10:15:05+05:30,1380.6,25,"{'open': 1346.1, 'high': 1450.2, 'low': 1346.1, 'close': 1199.4}"
2021-06-22 10:15:07+05:30,1380.6,25,"{'open': 1346.1, 'high': 1450.2, 'low': 1346.1, 'close': 1199.4}"
2021-06-22 10:15:07+05:30,1380.6,25,"{'open': 1346.1, 'high': 1450.2, 'low': 1346.1, 'close': 1199.4}"
2021-06-22 10:15:08+05:30,1380.6,25,"{'open': 1346.1, 'high': 1450.2, 'low': 1346.1, 'close': 1199.4}"
2021-06-22 10:15:10+05:30,1380.6,25,"{'open': 1346.1, 'high': 1450.2, 'low': 1346.1, 'close': 1199.4}"
2021-06-22 10:15:10+05:30,1380.6,25,"{'open': 1346.1, 'high': 1450.2, 'low': 1346.1, 'close': 1199.4}"
2021-06-22 10:15:11+05:30,1380.6,25,"{'open': 1346.1, 'high': 1450.2, 'low': 1346.1, 'close': 1199.4}"
2021-06-22 10:15:13+05:30,1380.6,25,"{'open': 1346.1, 'high': 1450.2, 'low': 1346.1, 'close': 1199.4}"
2021-06-22 10:15:13+05:30,1380.6,25,"{'open': 1346.1, 'high': 1450.2, 'low': 1346.1, 'close': 1199.4}"
2021-06-22 10:15:14+05:30,1380.6,25,"{'open': 1346.1, 'high': 1450.2, 'low': 1346.1, 'close': 1199.4}"
2021-06-22 10:15:15+05:30,1380.6,25,"{'open': 1346.1, 'high': 1450.2, 'low': 1346.1, 'close': 1199.4}"
2021-06-22 10:15:16+05:30,1380.6,25,"{'open': 1346.1, 'high': 1450.2, 'low': 1346.1, 'close': 1199.4}"
2021-06-22 10:15:17+05:30,1380.6,25,"{'open': 1346.1, 'high': 1450.2, 'low': 1346.1, 'close': 1199.4}"
2021-06-22 10:15:17+05:30,1380.6,25,"{'open': 1346.1, 'high': 1450.2, 'low': 1346.1, 'close': 1199.4}"
2021-06-22 10:15:19+05:30,1380.6,25,"{'open': 1346.1, 'high': 1450.2, 'low': 1346.1, 'close': 1199.4}"
2021-06-22 10:15:20+05:30,1380.6,25,"{'open': 1346.1, 'high': 1450.2, 'low': 1346.1, 'close': 1199.4}"
2021-06-22 10:15:20+05:30,1380.6,25,"{'open': 1346.1, 'high': 1450.2, 'low': 1346.1, 'close': 1199.4}"
2021-06-22 10:15:21+05:30,1380.6,25,"{'open': 1346.1, 'high': 1450.2, 'low': 1346.1, 'close': 1199.4}"
2021-06-22 10:15:21+05:30,1380.6,25,"{'open': 1346.1, 'high': 1450.2, 'low': 1346.1, 'close': 1199.4}"
2021-06-22 10:15:22+05:30,1380.6,25,"{'open': 1346.1, 'high': 1450.2, 'low': 1346.1, 'close': 1199.4}"
2021-06-22 10:15:23+05:30,1380.6,25,"{'open': 1346.1, 'high': 1450.2, 'low': 1346.1, 'close': 1199.4}"
2021-06-22 10:15:23+05:30,1380.6,25,"{'open': 1346.1, 'high': 1450.2, 'low': 1346.1, 'close': 1199.4}"
2021-06-22 10:15:24+05:30,1380.6,25,"{'open': 1346.1, 'high': 1450.2, 'low': 1346.1, 'close': 1199.4}"
2021-06-22 10:15:25+05:30,1380.6,25,"{'open': 1346.1, 'high': 1450.2, 'low': 1346.1, 'close': 1199.4}"
2021-06-22 10:15:26+05:30,1380.6,25,"{'open': 1346.1, 'high': 1450.2, 'low': 1346.1, 'close': 1199.4}"
2021-06-22 10:15:26+05:30,1380.6,25,"{'open': 1346.1, 'high': 1450.2, 'low': 1346.1, 'close': 1199.4}"
2021-06-22 10:15:27+05:30,1380.6,25,"{'open': 1346.1, 'high': 1450.2, 'low': 1346.1, 'close': 1199.4}"
2021-06-22 10:15:27+05:30,1380.6,25,"{'open': 1346.1, 'high': 1450.2, 'low': 1346.1, 'close': 1199.4}"
2021-06-22 10:15:28+05:30,1380.6,25,"{'open': 1346.1, 'high': 1450.2, 'low': 1346.1, 'close': 1199.4}"
2021-06-22 10:15:29+05:30,1380.6,25,"{'open': 1346.1, 'high': 1450.2, 'low': 1346.1, 'close': 1199.4}"
2021-06-22 10:15:29+05:30,1380.6,25,"{'open': 1346.1, 'high': 1450.2, 'low': 1346.1, 'close': 1199.4}"
2021-06-22 10:15:30+05:30,1380.6,25,"{'open': 1346.1, 'high': 1450.2, 'low': 1346.1, 'close': 1199.4}"
2021-06-22 10:15:31+05:30,1380.6,25,"{'open': 1346.1, 'high': 1450.2, 'low': 1346.1, 'close': 1199.4}"
2021-06-22 10:15:31+05:30,1380.6,25,"{'open': 1346.1, 'high': 1450.2, 'low': 1346.1, 'close': 1199.4}"
2021-06-22 10:15:32+05:30,1380.6,25,"{'open': 1346.1, 'high': 1450.2, 'low': 1346.1, 'close': 1199.4}"
2021-06-22 10:15:32+05:30,1380.6,25,"{'open': 1346.1, 'high': 1450.2, 'low': 1346.1, 'close': 1199.4}"
2021-06-22 10:15:33+05:30,1380.6,25,"{'open': 1346.1, 'high': 1450.2, 'low': 1346.1, 'close': 1199.4}"
2021-06-22 10:15:34+05:30,1380.6,25,"{'open': 1346.1, 'high': 1450.2, 'low': 1346.1, 'close': 1199.4}"
2021-06-22 10:15:34+05:30,1380.6,25,"{'open': 1346.1, 'high': 1450.2, 'low': 1346.1, 'close': 1199.4}"
2021-06-22 10:15:35+05:30,1380.6,25,"{'open': 1346.1, 'high': 1450.2, 'low': 1346.1, 'close': 1199.4}"
2021-06-22 10:15:36+05:30,1380.6,25,"{'open': 1346.1, 'high': 1450.2, 'low': 1346.1, 'close': 1199.4}"
2021-06-22 10:15:37+05:30,1380.6,25,"{'open': 1346.1, 'high': 1450.2, 'low': 1346.1, 'close': 1199.4}"
2021-06-22 10:15:37+05:30,1380.6,25,"{'open': 1346.1, 'high': 1450.2, 'low': 1346.1, 'close': 1199.4}"
2021-06-22 10:15:38+05:30,1380.6,25,"{'open': 1346.1, 'high': 1450.2, 'low': 1346.1, 'close': 1199.4}"
2021-06-22 10:15:40+05:30,1380.6,25,"{'open': 1346.1, 'high': 1450.2, 'low': 1346.1, 'close': 1199.4}"
2021-06-22 10:15:41+05:30,1380.6,25,"{'open': 1346.1, 'high': 1450.2, 'low': 1346.1, 'close': 1199.4}"
2021-06-22 10:15:41+05:30,1380.6,25,"{'open': 1346.1, 'high': 1450.2, 'low': 1346.1, 'close': 1199.4}"
2021-06-22 10:15:42+05:30,1380.6,25,"{'open': 1346.1, 'high': 1450.2, 'low': 1346.1, 'close': 1199.4}"
2021-06-22 10:15:42+05:30,1380.6,25,"{'open': 1346.1, 'high': 1450.2, 'low': 1346.1, 'close': 1199.4}"
2021-06-22 10:15:43+05:30,1380.6,25,"{'open': 1346.1, 'high': 1450.2, 'low': 1346.1, 'close': 1199.4}"
2021-06-22 10:15:44+05:30,1380.6,25,"{'open': 1346.1, 'high': 1450.2, 'low': 1346.1, 'close': 1199.4}"
2021-06-22 10:15:44+05:30,1380.6,25,"{'open': 1346.1, 'high': 1450.2, 'low': 1346.1, 'close': 1199.4}"
2021-06-22 10:15:45+05:30,1380.6,25,"{'open': 1346.1, 'high': 1450.2, 'low': 1346.1, 'close': 1199.4}"
2021-06-22 10:15:45+05:30,1380.6,25,"{'open': 1346.1, 'high': 1450.2, 'low': 1346.1, 'close': 1199.4}"
2021-06-22 10:15:46+05:30,1380.6,25,"{'open': 1346.1, 'high': 1450.2, 'low': 1346.1, 'close': 1199.4}"
2021-06-22 10:15:47+05:30,1380.6,25,"{'open': 1346.1, 'high': 1450.2, 'low': 1346.1, 'close': 1199.4}"
2021-06-22 10:15:48+05:30,1380.6,25,"{'open': 1346.1, 'high': 1450.2, 'low': 1346.1, 'close': 1199.4}"
2021-06-22 10:15:50+05:30,1380.6,25,"{'open': 1346.1, 'high': 1450.2, 'low': 1346.1, 'close': 1199.4}"
2021-06-22 10:15:51+05:30,1380.6,25,"{'open': 1346.1, 'high': 1450.2, 'low': 1346.1, 'close': 1199.4}"
2021-06-22 10:15:52+05:30,1380.6,25,"{'open': 1346.1, 'high': 1450.2, 'low': 1346.1, 'close': 1199.4}"
2021-06-22 10:15:53+05:30,1380.6,25,"{'open': 1346.1, 'high': 1450.2, 'low': 1346.1, 'close': 1199.4}"
2021-06-22 10:15:54+05:30,1380.6,25,"{'open': 1346.1, 'high': 1450.2, 'low': 1346.1, 'close': 1199.4}"
2021-06-22 10:15:55+05:30,1380.6,25,"{'open': 1346.1, 'high': 1450.2, 'low': 1346.1, 'close': 1199.4}"
2021-06-22 10:15:56+05:30,1380.6,25,"{'open': 1346.1, 'high': 1450.2, 'low': 1346.1, 'close': 1199.4}"
2021-06-22 10:15:57+05:30,1380.6,25,"{'open': 1346.1, 'high': 1450.2, 'low': 1346.1, 'close': 1199.4}"
2021-06-22 10:15:57+05:30,1380.6,25,"{'open': 1346.1, 'high': 1450.2, 'low': 1346.1, 'close': 1199.4}"
2021-06-22 10:15:59+05:30,1380.6,25,"{'open': 1346.1, 'high': 1450.2, 'low': 1346.1, 'close': 1199.4}"
2021-06-22 10:16:00+05:30,1380.6,25,"{'open': 1346.1, 'high': 1450.2, 'low': 1346.1, 'close': 1199.4}"
2021-06-22 10:16:01+05:30,1380.6,25,"{'open': 1346.1, 'high': 1450.2, 'low': 1346.1, 'close': 1199.4}"
2021-06-22 10:16:02+05:30,1380.6,25,"{'open': 1346.1, 'high': 1450.2, 'low': 1346.1, 'close': 1199.4}"
2021-06-22 10:16:02+05:30,1380.6,25,"{'open': 1346.1, 'high': 1450.2, 'low': 1346.1, 'close': 1199.4}"
2021-06-22 10:16:03+05:30,1380.6,25,"{'open': 1346.1, 'high': 1450.2, 'low': 1346.1, 'close': 1199.4}"
2021-06-22 10:16:03+05:30,1380.6,25,"{'open': 1346.1, 'high': 1450.2, 'low': 1346.1, 'close': 1199.4}"
2021-06-22 10:16:05+05:30,1380.6,25,"{'open': 1346.1, 'high': 1450.2, 'low': 1346.1, 'close': 1199.4}"
2021-06-22 10:16:06+05:30,1380.6,25,"{'open': 1346.1, 'high': 1450.2, 'low': 1346.1, 'close': 1199.4}"
2021-06-22 10:16:07+05:30,1380.6,25,"{'open': 1346.1, 'high': 1450.2, 'low': 1346.1, 'close': 1199.4}"
2021-06-22 10:16:07+05:30,1380.6,25,"{'open': 1346.1, 'high': 1450.2, 'low': 1346.1, 'close': 1199.4}"
2021-06-22 10:16:09+05:30,1380.6,25,"{'open': 1346.1, 'high': 1450.2, 'low': 1346.1, 'close': 1199.4}"
2021-06-22 10:16:09+05:30,1380.6,25,"{'open': 1346.1, 'high': 1450.2, 'low': 1346.1, 'close': 1199.4}"
2021-06-22 10:16:10+05:30,1380.6,25,"{'open': 1346.1, 'high': 1450.2, 'low': 1346.1, 'close': 1199.4}"
2021-06-22 10:16:11+05:30,1380.6,25,"{'open': 1346.1, 'high': 1450.2, 'low': 1346.1, 'close': 1199.4}"
2021-06-22 10:16:11+05:30,1380.6,25,"{'open': 1346.1, 'high': 1450.2, 'low': 1346.1, 'close': 1199.4}"
2021-06-22 10:16:13+05:30,1380.6,25,"{'open': 1346.1, 'high': 1450.2, 'low': 1346.1, 'close': 1199.4}"
2021-06-22 10:16:13+05:30,1380.6,25,"{'open': 1346.1, 'high': 1450.2, 'low': 1346.1, 'close': 1199.4}"
2021-06-22 10:16:14+05:30,1380.6,25,"{'open': 1346.1, 'high': 1450.2, 'low': 1346.1, 'close': 1199.4}"
2021-06-22 10:16:15+05:30,1380.6,25,"{'open': 1346.1, 'high': 1450.2, 'low': 1346.1, 'close': 1199.4}"
2021-06-22 10:16:16+05:30,1380.6,25,"{'open': 1346.1, 'high': 1450.2, 'low': 1346.1, 'close': 1199.4}"
2021-06-22 10:16:17+05:30,1380.6,25,"{'open': 1346.1, 'high': 1450.2, 'low': 1346.1, 'close': 1199.4}"
2021-06-22 10:16:18+05:30,1380.6,25,"{'open': 1346.1, 'high': 1450.2, 'low': 1346.1, 'close': 1199.4}"
2021-06-22 10:16:20+05:30,1380.6,25,"{'open': 1346.1, 'high': 1450.2, 'low': 1346.1, 'close': 1199.4}"
2021-06-22 10:16:21+05:30,1380.6,25,"{'open': 1346.1, 'high': 1450.2, 'low': 1346.1, 'close': 1199.4}"
2021-06-22 10:16:23+05:30,1380.6,25,"{'open': 1346.1, 'high': 1450.2, 'low': 1346.1, 'close': 1199.4}"
2021-06-22 10:16:24+05:30,1380.6,25,"{'open': 1346.1, 'high': 1450.2, 'low': 1346.1, 'close': 1199.4}"
2021-06-22 10:16:27+05:30,1380.6,25,"{'open': 1346.1, 'high': 1450.2, 'low': 1346.1, 'close': 1199.4}"
2021-06-22 10:16:28+05:30,1380.6,25,"{'open': 1346.1, 'high': 1450.2, 'low': 1346.1, 'close': 1199.4}"
2021-06-22 10:16:28+05:30,1380.6,25,"{'open': 1346.1, 'high': 1450.2, 'low': 1346.1, 'close': 1199.4}"
2021-06-22 10:16:29+05:30,1380.6,25,"{'open': 1346.1, 'high': 1450.2, 'low': 1346.1, 'close': 1199.4}"
2021-06-22 10:16:30+05:30,1380.6,25,"{'open': 1346.1, 'high': 1450.2, 'low': 1346.1, 'close': 1199.4}"
2021-06-22 10:16:31+05:30,1380.6,25,"{'open': 1346.1, 'high': 1450.2, 'low': 1346.1, 'close': 1199.4}"
2021-06-22 10:16:31+05:30,1380.6,25,"{'open': 1346.1, 'high': 1450.2, 'low': 1346.1, 'close': 1199.4}"
2021-06-22 10:16:32+05:30,1380.6,25,"{'open': 1346.1, 'high': 1450.2, 'low': 1346.1, 'close': 1199.4}"
2021-06-22 10:16:33+05:30,1380.6,25,"{'open': 1346.1, 'high': 1450.2, 'low': 1346.1, 'close': 1199.4}"
2021-06-22 10:16:33+05:30,1380.6,25,"{'open': 1346.1, 'high': 1450.2, 'low': 1346.1, 'close': 1199.4}"
2021-06-22 10:16:34+05:30,1380.6,25,"{'open': 1346.1, 'high': 1450.2, 'low': 1346.1, 'close': 1199.4}"
2021-06-22 10:16:35+05:30,1380.6,25,"{'open': 1346.1, 'high': 1450.2, 'low': 1346.1, 'close': 1199.4}"
2021-06-22 10:16:36+05:30,1380.6,25,"{'open': 1346.1, 'high': 1450.2, 'low': 1346.1, 'close': 1199.4}"
2021-06-22 10:16:37+05:30,1380.6,25,"{'open': 1346.1, 'high': 1450.2, 'low': 1346.1, 'close': 1199.4}"
2021-06-22 10:16:37+05:30,1380.6,25,"{'open': 1346.1, 'high': 1450.2, 'low': 1346.1, 'close': 1199.4}"
2021-06-22 10:16:38+05:30,1380.6,25,"{'open': 1346.1, 'high': 1450.2, 'low': 1346.1, 'close': 1199.4}"
2021-06-22 10:16:39+05:30,1380.6,25,"{'open': 1346.1, 'high': 1450.2, 'low': 1346.1, 'close': 1199.4}"
2021-06-22 10:16:39+05:30,1380.6,25,"{'open': 1346.1, 'high': 1450.2, 'low': 1346.1, 'close': 1199.4}"
2021-06-22 10:16:40+05:30,1380.6,25,"{'open': 1346.1, 'high': 1450.2, 'low': 1346.1, 'close': 1199.4}"
2021-06-22 10:16:41+05:30,1380.6,25,"{'open': 1346.1, 'high': 1450.2, 'low': 1346.1, 'close': 1199.4}"
2021-06-22 10:16:41+05:30,1380.6,25,"{'open': 1346.1, 'high': 1450.2, 'low': 1346.1, 'close': 1199.4}"
2021-06-22 10:16:42+05:30,1380.6,25,"{'open': 1346.1, 'high': 1450.2, 'low': 1346.1, 'close': 1199.4}"
2021-06-22 10:16:43+05:30,1380.6,25,"{'open': 1346.1, 'high': 1450.2, 'low': 1346.1, 'close': 1199.4}"
2021-06-22 10:16:43+05:30,1380.6,25,"{'open': 1346.1, 'high': 1450.2, 'low': 1346.1, 'close': 1199.4}"
2021-06-22 10:16:44+05:30,1380.6,25,"{'open': 1346.1, 'high': 1450.2, 'low': 1346.1, 'close': 1199.4}"
2021-06-22 10:16:44+05:30,1380.6,25,"{'open': 1346.1, 'high': 1450.2, 'low': 1346.1, 'close': 1199.4}"
2021-06-22 10:16:45+05:30,1380.6,25,"{'open': 1346.1, 'high': 1450.2, 'low': 1346.1, 'close': 1199.4}"
2021-06-22 10:16:46+05:30,1380.6,25,"{'open': 1346.1, 'high': 1450.2, 'low': 1346.1, 'close': 1199.4}"
2021-06-22 10:16:46+05:30,1380.6,25,"{'open': 1346.1, 'high': 1450.2, 'low': 1346.1, 'close': 1199.4}"
2021-06-22 10:16:47+05:30,1380.6,25,"{'open': 1346.1, 'high': 1450.2, 'low': 1346.1, 'close': 1199.4}"
2021-06-22 10:16:47+05:30,1380.6,25,"{'open': 1346.1, 'high': 1450.2, 'low': 1346.1, 'close': 1199.4}"
2021-06-22 10:16:48+05:30,1380.6,25,"{'open': 1346.1, 'high': 1450.2, 'low': 1346.1, 'close': 1199.4}"
2021-06-22 10:16:48+05:30,1380.6,25,"{'open': 1346.1, 'high': 1450.2, 'low': 1346.1, 'close': 1199.4}"
2021-06-22 10:16:49+05:30,1380.6,25,"{'open': 1346.1, 'high': 1450.2, 'low': 1346.1, 'close': 1199.4}"
2021-06-22 10:16:50+05:30,1380.6,25,"{'open': 1346.1, 'high': 1450.2, 'low': 1346.1, 'close': 1199.4}"
2021-06-22 10:16:50+05:30,1380.6,25,"{'open': 1346.1, 'high': 1450.2, 'low': 1346.1, 'close': 1199.4}"
2021-06-22 10:16:51+05:30,1380.6,25,"{'open': 1346.1, 'high': 1450.2, 'low': 1346.1, 'close': 1199.4}"
2021-06-22 10:16:51+05:30,1380.6,25,"{'open': 1346.1, 'high': 1450.2, 'low': 1346.1, 'close': 1199.4}"
2021-06-22 10:16:52+05:30,1380.6,25,"{'open': 1346.1, 'high': 1450.2, 'low': 1346.1, 'close': 1199.4}"
2021-06-22 10:16:53+05:30,1380.6,25,"{'open': 1346.1, 'high': 1450.2, 'low': 1346.1, 'close': 1199.4}"
2021-06-22 10:16:53+05:30,1380.6,25,"{'open': 1346.1, 'high': 1450.2, 'low': 1346.1, 'close': 1199.4}"
2021-06-22 10:16:54+05:30,1380.6,25,"{'open': 1346.1, 'high': 1450.2, 'low': 1346.1, 'close': 1199.4}"
2021-06-22 10:16:55+05:30,1380.6,25,"{'open': 1346.1, 'high': 1450.2, 'low': 1346.1, 'close': 1199.4}"
2021-06-22 10:16:55+05:30,1380.6,25,"{'open': 1346.1, 'high': 1450.2, 'low': 1346.1, 'close': 1199.4}"
2021-06-22 10:16:56+05:30,1380.6,25,"{'open': 1346.1, 'high': 1450.2, 'low': 1346.1, 'close': 1199.4}"
2021-06-22 10:16:56+05:30,1380.6,25,"{'open': 1346.1, 'high': 1450.2, 'low': 1346.1, 'close': 1199.4}"
2021-06-22 10:16:57+05:30,1380.6,25,"{'open': 1346.1, 'high': 1450.2, 'low': 1346.1, 'close': 1199.4}"
2021-06-22 10:16:57+05:30,1380.6,25,"{'open': 1346.1, 'high': 1450.2, 'low': 1346.1, 'close': 1199.4}"
2021-06-22 10:16:58+05:30,1380.6,25,"{'open': 1346.1, 'high': 1450.2, 'low': 1346.1, 'close': 1199.4}"
2021-06-22 10:16:59+05:30,1380.6,25,"{'open': 1346.1, 'high': 1450.2, 'low': 1346.1, 'close': 1199.4}"
2021-06-22 10:16:59+05:30,1380.6,25,"{'open': 1346.1, 'high': 1450.2, 'low': 1346.1, 'close': 1199.4}"
2021-06-22 10:17:00+05:30,1380.6,25,"{'open': 1346.1, 'high': 1450.2, 'low': 1346.1, 'close': 1199.4}"
2021-06-22 10:17:03+05:30,1380.6,25,"{'open': 1346.1, 'high': 1450.2, 'low': 1346.1, 'close': 1199.4}"
2021-06-22 10:17:08+05:30,1380.6,25,"{'open': 1346.1, 'high': 1450.2, 'low': 1346.1, 'close': 1199.4}"
2021-06-22 10:17:44+05:30,1380.6,25,"{'open': 1346.1, 'high': 1450.2, 'low': 1346.1, 'close': 1199.4}"
2021-06-22 10:18:22+05:30,1380.6,25,"{'open': 1346.1, 'high': 1450.2, 'low': 1346.1, 'close': 1199.4}"
2021-06-22 10:18:26+05:30,1380.6,25,"{'open': 1346.1, 'high': 1450.2, 'low': 1346.1, 'close': 1199.4}"
2021-06-22 10:19:02+05:30,1380.6,25,"{'open': 1346.1, 'high': 1450.2, 'low': 1346.1, 'close': 1199.4}"
2021-06-22 10:19:05+05:30,1380.6,25,"{'open': 1346.1, 'high': 1450.2, 'low': 1346.1, 'close': 1199.4}"
2021-06-22 10:19:36+05:30,1380.6,25,"{'open': 1346.1, 'high': 1450.2, 'low': 1346.1, 'close': 1199.4}"
2021-06-22 10:19:39+05:30,1380.6,25,"{'open': 1346.1, 'high': 1450.2, 'low': 1346.1, 'close': 1199.4}"
2021-06-22 10:20:12+05:30,1380.6,25,"{'open': 1346.1, 'high': 1450.2, 'low': 1346.1, 'close': 1199.4}"
2021-06-22 10:20:16+05:30,1380.6,25,"{'open': 1346.1, 'high': 1450.2, 'low': 1346.1, 'close': 1199.4}"
2021-06-22 10:20:52+05:30,1380.6,25,"{'open': 1346.1, 'high': 1450.2, 'low': 1346.1, 'close': 1199.4}"
2021-06-22 10:20:56+05:30,1380.6,25,"{'open': 1346.1, 'high': 1450.2, 'low': 1346.1, 'close': 1199.4}"
2021-06-22 10:21:29+05:30,1380.6,25,"{'open': 1346.1, 'high': 1450.2, 'low': 1346.1, 'close': 1199.4}"
2021-06-22 10:21:32+05:30,1380.6,25,"{'open': 1346.1, 'high': 1450.2, 'low': 1346.1, 'close': 1199.4}"
2021-06-22 10:22:01+05:30,1380.6,25,"{'open': 1346.1, 'high': 1450.2, 'low': 1346.1, 'close': 1199.4}"
2021-06-22 10:22:01+05:30,1380.6,25,"{'open': 1346.1, 'high': 1450.2, 'low': 1346.1, 'close': 1199.4}"
2021-06-22 10:22:02+05:30,1380.6,25,"{'open': 1346.1, 'high': 1450.2, 'low': 1346.1, 'close': 1199.4}"
2021-06-22 10:22:02+05:30,1380.6,25,"{'open': 1346.1, 'high': 1450.2, 'low': 1346.1, 'close': 1199.4}"
2021-06-22 10:22:03+05:30,1380.6,25,"{'open': 1346.1, 'high': 1450.2, 'low': 1346.1, 'close': 1199.4}"
2021-06-22 10:22:03+05:30,1380.6,25,"{'open': 1346.1, 'high': 1450.2, 'low': 1346.1, 'close': 1199.4}"
2021-06-22 10:22:04+05:30,1380.6,25,"{'open': 1346.1, 'high': 1450.2, 'low': 1346.1, 'close': 1199.4}"
2021-06-22 10:22:05+05:30,1380.6,25,"{'open': 1346.1, 'high': 1450.2, 'low': 1346.1, 'close': 1199.4}"
2021-06-22 10:22:05+05:30,1380.6,25,"{'open': 1346.1, 'high': 1450.2, 'low': 1346.1, 'close': 1199.4}"
2021-06-22 10:22:06+05:30,1380.6,25,"{'open': 1346.1, 'high': 1450.2, 'low': 1346.1, 'close': 1199.4}"
2021-06-22 10:22:07+05:30,1380.6,25,"{'open': 1346.1, 'high': 1450.2, 'low': 1346.1, 'close': 1199.4}"
2021-06-22 10:22:07+05:30,1380.6,25,"{'open': 1346.1, 'high': 1450.2, 'low': 1346.1, 'close': 1199.4}"
2021-06-22 10:22:08+05:30,1380.6,25,"{'open': 1346.1, 'high': 1450.2, 'low': 1346.1, 'close': 1199.4}"
2021-06-22 10:22:09+05:30,1380.6,25,"{'open': 1346.1, 'high': 1450.2, 'low': 1346.1, 'close': 1199.4}"
2021-06-22 10:22:09+05:30,1380.6,25,"{'open': 1346.1, 'high': 1450.2, 'low': 1346.1, 'close': 1199.4}"
2021-06-22 10:22:10+05:30,1380.6,25,"{'open': 1346.1, 'high': 1450.2, 'low': 1346.1, 'close': 1199.4}"
2021-06-22 10:22:11+05:30,1380.6,25,"{'open': 1346.1, 'high': 1450.2, 'low': 1346.1, 'close': 1199.4}"
2021-06-22 10:22:11+05:30,1380.6,25,"{'open': 1346.1, 'high': 1450.2, 'low': 1346.1, 'close': 1199.4}"
2021-06-22 10:22:12+05:30,1380.6,25,"{'open': 1346.1, 'high': 1450.2, 'low': 1346.1, 'close': 1199.4}"
2021-06-22 10:22:14+05:30,1380.6,25,"{'open': 1346.1, 'high': 1450.2, 'low': 1346.1, 'close': 1199.4}"
2021-06-22 10:22:15+05:30,1380.6,25,"{'open': 1346.1, 'high': 1450.2, 'low': 1346.1, 'close': 1199.4}"
2021-06-22 10:22:15+05:30,1380.6,25,"{'open': 1346.1, 'high': 1450.2, 'low': 1346.1, 'close': 1199.4}"
2021-06-22 10:22:16+05:30,1380.6,25,"{'open': 1346.1, 'high': 1450.2, 'low': 1346.1, 'close': 1199.4}"
2021-06-22 10:22:17+05:30,1380.6,25,"{'open': 1346.1, 'high': 1450.2, 'low': 1346.1, 'close': 1199.4}"
2021-06-22 10:22:17+05:30,1380.6,25,"{'open': 1346.1, 'high': 1450.2, 'low': 1346.1, 'close': 1199.4}"
2021-06-22 10:22:18+05:30,1380.6,25,"{'open': 1346.1, 'high': 1450.2, 'low': 1346.1, 'close': 1199.4}"
2021-06-22 10:22:18+05:30,1380.6,25,"{'open': 1346.1, 'high': 1450.2, 'low': 1346.1, 'close': 1199.4}"
2021-06-22 10:22:19+05:30,1380.6,25,"{'open': 1346.1, 'high': 1450.2, 'low': 1346.1, 'close': 1199.4}"
2021-06-22 10:22:20+05:30,1380.6,25,"{'open': 1346.1, 'high': 1450.2, 'low': 1346.1, 'close': 1199.4}"
2021-06-22 10:22:20+05:30,1380.6,25,"{'open': 1346.1, 'high': 1450.2, 'low': 1346.1, 'close': 1199.4}"
2021-06-22 10:22:21+05:30,1380.6,25,"{'open': 1346.1, 'high': 1450.2, 'low': 1346.1, 'close': 1199.4}"
2021-06-22 10:22:21+05:30,1380.6,25,"{'open': 1346.1, 'high': 1450.2, 'low': 1346.1, 'close': 1199.4}"
2021-06-22 10:22:22+05:30,1380.6,25,"{'open': 1346.1, 'high': 1450.2, 'low': 1346.1, 'close': 1199.4}"
2021-06-22 10:22:23+05:30,1380.6,25,"{'open': 1346.1, 'high': 1450.2, 'low': 1346.1, 'close': 1199.4}"
2021-06-22 10:22:23+05:30,1380.6,25,"{'open': 1346.1, 'high': 1450.2, 'low': 1346.1, 'close': 1199.4}"
2021-06-22 10:22:24+05:30,1380.6,25,"{'open': 1346.1, 'high': 1450.2, 'low': 1346.1, 'close': 1199.4}"
2021-06-22 10:22:24+05:30,1380.6,25,"{'open': 1346.1, 'high': 1450.2, 'low': 1346.1, 'close': 1199.4}"
2021-06-22 10:22:25+05:30,1380.6,25,"{'open': 1346.1, 'high': 1450.2, 'low': 1346.1, 'close': 1199.4}"
2021-06-22 10:22:26+05:30,1380.6,25,"{'open': 1346.1, 'high': 1450.2, 'low': 1346.1, 'close': 1199.4}"
2021-06-22 10:22:26+05:30,1380.6,25,"{'open': 1346.1, 'high': 1450.2, 'low': 1346.1, 'close': 1199.4}"
2021-06-22 10:22:27+05:30,1380.6,25,"{'open': 1346.1, 'high': 1450.2, 'low': 1346.1, 'close': 1199.4}"
2021-06-22 10:22:28+05:30,1380.6,25,"{'open': 1346.1, 'high': 1450.2, 'low': 1346.1, 'close': 1199.4}"
2021-06-22 10:22:29+05:30,1380.6,25,"{'open': 1346.1, 'high': 1450.2, 'low': 1346.1, 'close': 1199.4}"
2021-06-22 10:22:29+05:30,1380.6,25,"{'open': 1346.1, 'high': 1450.2, 'low': 1346.1, 'close': 1199.4}"
2021-06-22 10:22:30+05:30,1380.6,25,"{'open': 1346.1, 'high': 1450.2, 'low': 1346.1, 'close': 1199.4}"
2021-06-22 10:22:30+05:30,1380.6,25,"{'open': 1346.1, 'high': 1450.2, 'low': 1346.1, 'close': 1199.4}"
2021-06-22 10:22:31+05:30,1380.6,25,"{'open': 1346.1, 'high': 1450.2, 'low': 1346.1, 'close': 1199.4}"
2021-06-22 10:22:32+05:30,1380.6,25,"{'open': 1346.1, 'high': 1450.2, 'low': 1346.1, 'close': 1199.4}"
2021-06-22 10:22:32+05:30,1380.6,25,"{'open': 1346.1, 'high': 1450.2, 'low': 1346.1, 'close': 1199.4}"
2021-06-22 10:22:33+05:30,1380.6,25,"{'open': 1346.1, 'high': 1450.2, 'low': 1346.1, 'close': 1199.4}"
2021-06-22 10:22:34+05:30,1380.6,25,"{'open': 1346.1, 'high': 1450.2, 'low': 1346.1, 'close': 1199.4}"
2021-06-22 10:22:35+05:30,1380.6,25,"{'open': 1346.1, 'high': 1450.2, 'low': 1346.1, 'close': 1199.4}"
2021-06-22 10:22:36+05:30,1380.6,25,"{'open': 1346.1, 'high': 1450.2, 'low': 1346.1, 'close': 1199.4}"
2021-06-22 10:22:36+05:30,1380.6,25,"{'open': 1346.1, 'high': 1450.2, 'low': 1346.1, 'close': 1199.4}"
2021-06-22 10:22:37+05:30,1380.6,25,"{'open': 1346.1, 'high': 1450.2, 'low': 1346.1, 'close': 1199.4}"
2021-06-22 10:22:38+05:30,1380.6,25,"{'open': 1346.1, 'high': 1450.2, 'low': 1346.1, 'close': 1199.4}"
2021-06-22 10:22:38+05:30,1380.6,25,"{'open': 1346.1, 'high': 1450.2, 'low': 1346.1, 'close': 1199.4}"
2021-06-22 10:22:39+05:30,1380.6,25,"{'open': 1346.1, 'high': 1450.2, 'low': 1346.1, 'close': 1199.4}"
2021-06-22 10:22:40+05:30,1380.6,25,"{'open': 1346.1, 'high': 1450.2, 'low': 1346.1, 'close': 1199.4}"
2021-06-22 10:22:41+05:30,1380.6,25,"{'open': 1346.1, 'high': 1450.2, 'low': 1346.1, 'close': 1199.4}"
2021-06-22 10:22:42+05:30,1380.6,25,"{'open': 1346.1, 'high': 1450.2, 'low': 1346.1, 'close': 1199.4}"
2021-06-22 10:22:42+05:30,1380.6,25,"{'open': 1346.1, 'high': 1450.2, 'low': 1346.1, 'close': 1199.4}"
2021-06-22 10:22:43+05:30,1380.6,25,"{'open': 1346.1, 'high': 1450.2, 'low': 1346.1, 'close': 1199.4}"
2021-06-22 10:22:44+05:30,1380.6,25,"{'open': 1346.1, 'high': 1450.2, 'low': 1346.1, 'close': 1199.4}"
2021-06-22 10:22:44+05:30,1380.6,25,"{'open': 1346.1, 'high': 1450.2, 'low': 1346.1, 'close': 1199.4}"
2021-06-22 10:22:45+05:30,1380.6,25,"{'open': 1346.1, 'high': 1450.2, 'low': 1346.1, 'close': 1199.4}"
2021-06-22 10:22:46+05:30,1380.6,25,"{'open': 1346.1, 'high': 1450.2, 'low': 1346.1, 'close': 1199.4}"
2021-06-22 10:22:47+05:30,1380.6,25,"{'open': 1346.1, 'high': 1450.2, 'low': 1346.1, 'close': 1199.4}"
2021-06-22 10:22:47+05:30,1380.6,25,"{'open': 1346.1, 'high': 1450.2, 'low': 1346.1, 'close': 1199.4}"
2021-06-22 10:22:48+05:30,1380.6,25,"{'open': 1346.1, 'high': 1450.2, 'low': 1346.1, 'close': 1199.4}"
2021-06-22 10:22:48+05:30,1380.6,25,"{'open': 1346.1, 'high': 1450.2, 'low': 1346.1, 'close': 1199.4}"
2021-06-22 10:22:49+05:30,1380.6,25,"{'open': 1346.1, 'high': 1450.2, 'low': 1346.1, 'close': 1199.4}"
2021-06-22 10:22:50+05:30,1380.6,25,"{'open': 1346.1, 'high': 1450.2, 'low': 1346.1, 'close': 1199.4}"
2021-06-22 10:22:52+05:30,1380.6,25,"{'open': 1346.1, 'high': 1450.2, 'low': 1346.1, 'close': 1199.4}"
2021-06-22 10:22:52+05:30,1380.6,25,"{'open': 1346.1, 'high': 1450.2, 'low': 1346.1, 'close': 1199.4}"
2021-06-22 10:22:53+05:30,1380.6,25,"{'open': 1346.1, 'high': 1450.2, 'low': 1346.1, 'close': 1199.4}"
2021-06-22 10:22:53+05:30,1380.6,25,"{'open': 1346.1, 'high': 1450.2, 'low': 1346.1, 'close': 1199.4}"
2021-06-22 10:22:54+05:30,1380.6,25,"{'open': 1346.1, 'high': 1450.2, 'low': 1346.1, 'close': 1199.4}"
2021-06-22 10:22:54+05:30,1380.6,25,"{'open': 1346.1, 'high': 1450.2, 'low': 1346.1, 'close': 1199.4}"
2021-06-22 10:22:55+05:30,1380.6,25,"{'open': 1346.1, 'high': 1450.2, 'low': 1346.1, 'close': 1199.4}"
2021-06-22 10:22:56+05:30,1380.6,25,"{'open': 1346.1, 'high': 1450.2, 'low': 1346.1, 'close': 1199.4}"
2021-06-22 10:22:56+05:30,1380.6,25,"{'open': 1346.1, 'high': 1450.2, 'low': 1346.1, 'close': 1199.4}"
2021-06-22 10:22:57+05:30,1380.6,25,"{'open': 1346.1, 'high': 1450.2, 'low': 1346.1, 'close': 1199.4}"
2021-06-22 10:22:58+05:30,1380.6,25,"{'open': 1346.1, 'high': 1450.2, 'low': 1346.1, 'close': 1199.4}"
2021-06-22 10:22:58+05:30,1380.6,25,"{'open': 1346.1, 'high': 1450.2, 'low': 1346.1, 'close': 1199.4}"
2021-06-22 10:22:59+05:30,1380.6,25,"{'open': 1346.1, 'high': 1450.2, 'low': 1346.1, 'close': 1199.4}"
2021-06-22 10:23:00+05:30,1380.6,25,"{'open': 1346.1, 'high': 1450.2, 'low': 1346.1, 'close': 1199.4}"
2021-06-22 10:23:00+05:30,1380.6,25,"{'open': 1346.1, 'high': 1450.2, 'low': 1346.1, 'close': 1199.4}"
2021-06-22 10:23:14+05:30,1380.6,25,"{'open': 1346.1, 'high': 1450.2, 'low': 1346.1, 'close': 1199.4}"
2021-06-22 10:23:18+05:30,1380.6,25,"{'open': 1346.1, 'high': 1450.2, 'low': 1346.1, 'close': 1199.4}"
2021-06-22 10:23:51+05:30,1380.6,25,"{'open': 1346.1, 'high': 1450.2, 'low': 1346.1, 'close': 1199.4}"
2021-06-22 10:23:56+05:30,1380.6,25,"{'open': 1346.1, 'high': 1450.2, 'low': 1346.1, 'close': 1199.4}"
2021-06-22 10:24:29+05:30,1380.6,25,"{'open': 1346.1, 'high': 1450.2, 'low': 1346.1, 'close': 1199.4}"
2021-06-22 10:24:34+05:30,1380.6,25,"{'open': 1346.1, 'high': 1450.2, 'low': 1346.1, 'close': 1199.4}"
2021-06-22 10:25:10+05:30,1380.6,25,"{'open': 1346.1, 'high': 1450.2, 'low': 1346.1, 'close': 1199.4}"
2021-06-22 10:25:16+05:30,1380.6,25,"{'open': 1346.1, 'high': 1450.2, 'low': 1346.1, 'close': 1199.4}"
2021-06-22 10:25:52+05:30,1380.6,25,"{'open': 1346.1, 'high': 1450.2, 'low': 1346.1, 'close': 1199.4}"
2021-06-22 10:25:57+05:30,1380.6,25,"{'open': 1346.1, 'high': 1450.2, 'low': 1346.1, 'close': 1199.4}"
2021-06-22 10:26:34+05:30,1380.6,25,"{'open': 1346.1, 'high': 1450.2, 'low': 1346.1, 'close': 1199.4}"
2021-06-22 10:26:40+05:30,1380.6,25,"{'open': 1346.1, 'high': 1450.2, 'low': 1346.1, 'close': 1199.4}"
2021-06-22 10:27:01+05:30,1380.6,25,"{'open': 1346.1, 'high': 1450.2, 'low': 1346.1, 'close': 1199.4}"
2021-06-22 10:27:01+05:30,1380.6,25,"{'open': 1346.1, 'high': 1450.2, 'low': 1346.1, 'close': 1199.4}"
2021-06-22 10:27:02+05:30,1380.6,25,"{'open': 1346.1, 'high': 1450.2, 'low': 1346.1, 'close': 1199.4}"
2021-06-22 10:27:03+05:30,1380.6,25,"{'open': 1346.1, 'high': 1450.2, 'low': 1346.1, 'close': 1199.4}"
2021-06-22 10:27:04+05:30,1380.6,25,"{'open': 1346.1, 'high': 1450.2, 'low': 1346.1, 'close': 1199.4}"
2021-06-22 10:27:04+05:30,1380.6,25,"{'open': 1346.1, 'high': 1450.2, 'low': 1346.1, 'close': 1199.4}"
2021-06-22 10:27:05+05:30,1380.6,25,"{'open': 1346.1, 'high': 1450.2, 'low': 1346.1, 'close': 1199.4}"
2021-06-22 10:27:06+05:30,1380.6,25,"{'open': 1346.1, 'high': 1450.2, 'low': 1346.1, 'close': 1199.4}"
2021-06-22 10:27:06+05:30,1380.6,25,"{'open': 1346.1, 'high': 1450.2, 'low': 1346.1, 'close': 1199.4}"
2021-06-22 10:27:07+05:30,1380.6,25,"{'open': 1346.1, 'high': 1450.2, 'low': 1346.1, 'close': 1199.4}"
2021-06-22 10:27:08+05:30,1380.6,25,"{'open': 1346.1, 'high': 1450.2, 'low': 1346.1, 'close': 1199.4}"
2021-06-22 10:27:09+05:30,1380.6,25,"{'open': 1346.1, 'high': 1450.2, 'low': 1346.1, 'close': 1199.4}"
2021-06-22 10:27:09+05:30,1380.6,25,"{'open': 1346.1, 'high': 1450.2, 'low': 1346.1, 'close': 1199.4}"
2021-06-22 10:27:10+05:30,1380.6,25,"{'open': 1346.1, 'high': 1450.2, 'low': 1346.1, 'close': 1199.4}"
2021-06-22 10:27:11+05:30,1380.6,25,"{'open': 1346.1, 'high': 1450.2, 'low': 1346.1, 'close': 1199.4}"
2021-06-22 10:27:12+05:30,1380.6,25,"{'open': 1346.1, 'high': 1450.2, 'low': 1346.1, 'close': 1199.4}"
2021-06-22 10:27:12+05:30,1380.6,25,"{'open': 1346.1, 'high': 1450.2, 'low': 1346.1, 'close': 1199.4}"
2021-06-22 10:27:13+05:30,1380.6,25,"{'open': 1346.1, 'high': 1450.2, 'low': 1346.1, 'close': 1199.4}"
2021-06-22 10:27:14+05:30,1380.6,25,"{'open': 1346.1, 'high': 1450.2, 'low': 1346.1, 'close': 1199.4}"
2021-06-22 10:27:15+05:30,1380.6,25,"{'open': 1346.1, 'high': 1450.2, 'low': 1346.1, 'close': 1199.4}"
2021-06-22 10:27:15+05:30,1380.6,25,"{'open': 1346.1, 'high': 1450.2, 'low': 1346.1, 'close': 1199.4}"
2021-06-22 10:27:16+05:30,1380.6,25,"{'open': 1346.1, 'high': 1450.2, 'low': 1346.1, 'close': 1199.4}"
2021-06-22 10:27:17+05:30,1380.6,25,"{'open': 1346.1, 'high': 1450.2, 'low': 1346.1, 'close': 1199.4}"
2021-06-22 10:27:18+05:30,1380.6,25,"{'open': 1346.1, 'high': 1450.2, 'low': 1346.1, 'close': 1199.4}"
2021-06-22 10:27:19+05:30,1380.6,25,"{'open': 1346.1, 'high': 1450.2, 'low': 1346.1, 'close': 1199.4}"
2021-06-22 10:27:19+05:30,1380.6,25,"{'open': 1346.1, 'high': 1450.2, 'low': 1346.1, 'close': 1199.4}"
2021-06-22 10:27:20+05:30,1380.6,25,"{'open': 1346.1, 'high': 1450.2, 'low': 1346.1, 'close': 1199.4}"
2021-06-22 10:27:21+05:30,1380.6,25,"{'open': 1346.1, 'high': 1450.2, 'low': 1346.1, 'close': 1199.4}"
2021-06-22 10:27:22+05:30,1380.6,25,"{'open': 1346.1, 'high': 1450.2, 'low': 1346.1, 'close': 1199.4}"
2021-06-22 10:27:23+05:30,1380.6,25,"{'open': 1346.1, 'high': 1450.2, 'low': 1346.1, 'close': 1199.4}"
2021-06-22 10:27:24+05:30,1380.6,25,"{'open': 1346.1, 'high': 1450.2, 'low': 1346.1, 'close': 1199.4}"
2021-06-22 10:27:25+05:30,1380.6,25,"{'open': 1346.1, 'high': 1450.2, 'low': 1346.1, 'close': 1199.4}"
2021-06-22 10:27:26+05:30,1380.6,25,"{'open': 1346.1, 'high': 1450.2, 'low': 1346.1, 'close': 1199.4}"
2021-06-22 10:27:28+05:30,1380.6,25,"{'open': 1346.1, 'high': 1450.2, 'low': 1346.1, 'close': 1199.4}"
2021-06-22 10:27:28+05:30,1380.6,25,"{'open': 1346.1, 'high': 1450.2, 'low': 1346.1, 'close': 1199.4}"
2021-06-22 10:27:29+05:30,1380.6,25,"{'open': 1346.1, 'high': 1450.2, 'low': 1346.1, 'close': 1199.4}"
2021-06-22 10:27:30+05:30,1380.6,25,"{'open': 1346.1, 'high': 1450.2, 'low': 1346.1, 'close': 1199.4}"
2021-06-22 10:27:31+05:30,1380.6,25,"{'open': 1346.1, 'high': 1450.2, 'low': 1346.1, 'close': 1199.4}"
2021-06-22 10:27:32+05:30,1380.6,25,"{'open': 1346.1, 'high': 1450.2, 'low': 1346.1, 'close': 1199.4}"
2021-06-22 10:27:33+05:30,1380.6,25,"{'open': 1346.1, 'high': 1450.2, 'low': 1346.1, 'close': 1199.4}"
2021-06-22 10:27:34+05:30,1380.6,25,"{'open': 1346.1, 'high': 1450.2, 'low': 1346.1, 'close': 1199.4}"
2021-06-22 10:27:35+05:30,1380.6,25,"{'open': 1346.1, 'high': 1450.2, 'low': 1346.1, 'close': 1199.4}"
2021-06-22 10:27:37+05:30,1380.6,25,"{'open': 1346.1, 'high': 1450.2, 'low': 1346.1, 'close': 1199.4}"
2021-06-22 10:27:37+05:30,1380.6,25,"{'open': 1346.1, 'high': 1450.2, 'low': 1346.1, 'close': 1199.4}"
2021-06-22 10:27:38+05:30,1380.6,25,"{'open': 1346.1, 'high': 1450.2, 'low': 1346.1, 'close': 1199.4}"
2021-06-22 10:27:40+05:30,1380.6,25,"{'open': 1346.1, 'high': 1450.2, 'low': 1346.1, 'close': 1199.4}"
2021-06-22 10:27:40+05:30,1380.6,25,"{'open': 1346.1, 'high': 1450.2, 'low': 1346.1, 'close': 1199.4}"
2021-06-22 10:27:41+05:30,1380.6,25,"{'open': 1346.1, 'high': 1450.2, 'low': 1346.1, 'close': 1199.4}"
2021-06-22 10:27:43+05:30,1380.6,25,"{'open': 1346.1, 'high': 1450.2, 'low': 1346.1, 'close': 1199.4}"
2021-06-22 10:27:43+05:30,1380.6,25,"{'open': 1346.1, 'high': 1450.2, 'low': 1346.1, 'close': 1199.4}"
2021-06-22 10:27:44+05:30,1380.6,25,"{'open': 1346.1, 'high': 1450.2, 'low': 1346.1, 'close': 1199.4}"
2021-06-22 10:27:46+05:30,1380.6,25,"{'open': 1346.1, 'high': 1450.2, 'low': 1346.1, 'close': 1199.4}"
2021-06-22 10:27:46+05:30,1380.6,25,"{'open': 1346.1, 'high': 1450.2, 'low': 1346.1, 'close': 1199.4}"
2021-06-22 10:27:47+05:30,1380.6,25,"{'open': 1346.1, 'high': 1450.2, 'low': 1346.1, 'close': 1199.4}"
2021-06-22 10:27:49+05:30,1380.6,25,"{'open': 1346.1, 'high': 1450.2, 'low': 1346.1, 'close': 1199.4}"
2021-06-22 10:27:49+05:30,1380.6,25,"{'open': 1346.1, 'high': 1450.2, 'low': 1346.1, 'close': 1199.4}"
2021-06-22 10:27:50+05:30,1380.6,25,"{'open': 1346.1, 'high': 1450.2, 'low': 1346.1, 'close': 1199.4}"
2021-06-22 10:27:52+05:30,1380.6,25,"{'open': 1346.1, 'high': 1450.2, 'low': 1346.1, 'close': 1199.4}"
2021-06-22 10:27:52+05:30,1380.6,25,"{'open': 1346.1, 'high': 1450.2, 'low': 1346.1, 'close': 1199.4}"
2021-06-22 10:27:53+05:30,1380.6,25,"{'open': 1346.1, 'high': 1450.2, 'low': 1346.1, 'close': 1199.4}"
2021-06-22 10:27:54+05:30,1380.6,25,"{'open': 1346.1, 'high': 1450.2, 'low': 1346.1, 'close': 1199.4}"
2021-06-22 10:27:55+05:30,1380.6,25,"{'open': 1346.1, 'high': 1450.2, 'low': 1346.1, 'close': 1199.4}"
2021-06-22 10:27:56+05:30,1380.6,25,"{'open': 1346.1, 'high': 1450.2, 'low': 1346.1, 'close': 1199.4}"
2021-06-22 10:27:56+05:30,1380.6,25,"{'open': 1346.1, 'high': 1450.2, 'low': 1346.1, 'close': 1199.4}"
2021-06-22 10:27:57+05:30,1380.6,25,"{'open': 1346.1, 'high': 1450.2, 'low': 1346.1, 'close': 1199.4}"
2021-06-22 10:27:58+05:30,1380.6,25,"{'open': 1346.1, 'high': 1450.2, 'low': 1346.1, 'close': 1199.4}"
2021-06-22 10:27:58+05:30,1380.6,25,"{'open': 1346.1, 'high': 1450.2, 'low': 1346.1, 'close': 1199.4}"
2021-06-22 10:27:59+05:30,1380.6,25,"{'open': 1346.1, 'high': 1450.2, 'low': 1346.1, 'close': 1199.4}"
2021-06-22 10:28:01+05:30,1380.6,25,"{'open': 1346.1, 'high': 1450.2, 'low': 1346.1, 'close': 1199.4}"
2021-06-22 10:28:01+05:30,1380.6,25,"{'open': 1346.1, 'high': 1450.2, 'low': 1346.1, 'close': 1199.4}"
2021-06-22 10:28:02+05:30,1380.6,25,"{'open': 1346.1, 'high': 1450.2, 'low': 1346.1, 'close': 1199.4}"
2021-06-22 10:28:02+05:30,1380.6,25,"{'open': 1346.1, 'high': 1450.2, 'low': 1346.1, 'close': 1199.4}"
2021-06-22 10:28:03+05:30,1380.6,25,"{'open': 1346.1, 'high': 1450.2, 'low': 1346.1, 'close': 1199.4}"
2021-06-22 10:28:03+05:30,1380.6,25,"{'open': 1346.1, 'high': 1450.2, 'low': 1346.1, 'close': 1199.4}"
2021-06-22 10:28:04+05:30,1380.6,25,"{'open': 1346.1, 'high': 1450.2, 'low': 1346.1, 'close': 1199.4}"
2021-06-22 10:28:05+05:30,1380.6,25,"{'open': 1346.1, 'high': 1450.2, 'low': 1346.1, 'close': 1199.4}"
2021-06-22 10:28:06+05:30,1380.6,25,"{'open': 1346.1, 'high': 1450.2, 'low': 1346.1, 'close': 1199.4}"
2021-06-22 10:28:07+05:30,1380.6,25,"{'open': 1346.1, 'high': 1450.2, 'low': 1346.1, 'close': 1199.4}"
2021-06-22 10:28:07+05:30,1380.6,25,"{'open': 1346.1, 'high': 1450.2, 'low': 1346.1, 'close': 1199.4}"
2021-06-22 10:28:08+05:30,1380.6,25,"{'open': 1346.1, 'high': 1450.2, 'low': 1346.1, 'close': 1199.4}"
2021-06-22 10:28:09+05:30,1380.6,25,"{'open': 1346.1, 'high': 1450.2, 'low': 1346.1, 'close': 1199.4}"
2021-06-22 10:28:09+05:30,1380.6,25,"{'open': 1346.1, 'high': 1450.2, 'low': 1346.1, 'close': 1199.4}"
2021-06-22 10:28:10+05:30,1380.6,25,"{'open': 1346.1, 'high': 1450.2, 'low': 1346.1, 'close': 1199.4}"
2021-06-22 10:28:11+05:30,1380.6,25,"{'open': 1346.1, 'high': 1450.2, 'low': 1346.1, 'close': 1199.4}"
2021-06-22 10:28:13+05:30,1380.6,25,"{'open': 1346.1, 'high': 1450.2, 'low': 1346.1, 'close': 1199.4}"
2021-06-22 10:28:13+05:30,1380.6,25,"{'open': 1346.1, 'high': 1450.2, 'low': 1346.1, 'close': 1199.4}"
2021-06-22 10:28:14+05:30,1380.6,25,"{'open': 1346.1, 'high': 1450.2, 'low': 1346.1, 'close': 1199.4}"
2021-06-22 10:28:14+05:30,1380.6,25,"{'open': 1346.1, 'high': 1450.2, 'low': 1346.1, 'close': 1199.4}"
2021-06-22 10:28:15+05:30,1380.6,25,"{'open': 1346.1, 'high': 1450.2, 'low': 1346.1, 'close': 1199.4}"
2021-06-22 10:28:16+05:30,1380.6,25,"{'open': 1346.1, 'high': 1450.2, 'low': 1346.1, 'close': 1199.4}"
2021-06-22 10:28:17+05:30,1380.6,25,"{'open': 1346.1, 'high': 1450.2, 'low': 1346.1, 'close': 1199.4}"
2021-06-22 10:28:20+05:30,1380.6,25,"{'open': 1346.1, 'high': 1450.2, 'low': 1346.1, 'close': 1199.4}"
2021-06-22 10:28:21+05:30,1380.6,25,"{'open': 1346.1, 'high': 1450.2, 'low': 1346.1, 'close': 1199.4}"
2021-06-22 10:28:22+05:30,1380.6,25,"{'open': 1346.1, 'high': 1450.2, 'low': 1346.1, 'close': 1199.4}"
2021-06-22 10:28:22+05:30,1380.6,25,"{'open': 1346.1, 'high': 1450.2, 'low': 1346.1, 'close': 1199.4}"
2021-06-22 10:28:23+05:30,1380.6,25,"{'open': 1346.1, 'high': 1450.2, 'low': 1346.1, 'close': 1199.4}"
2021-06-22 10:28:26+05:30,1380.6,25,"{'open': 1346.1, 'high': 1450.2, 'low': 1346.1, 'close': 1199.4}"
2021-06-22 10:28:30+05:30,1380.6,25,"{'open': 1346.1, 'high': 1450.2, 'low': 1346.1, 'close': 1199.4}"
2021-06-22 10:28:31+05:30,1380.6,25,"{'open': 1346.1, 'high': 1450.2, 'low': 1346.1, 'close': 1199.4}"
2021-06-22 10:28:31+05:30,1380.6,25,"{'open': 1346.1, 'high': 1450.2, 'low': 1346.1, 'close': 1199.4}"
2021-06-22 10:28:32+05:30,1380.6,25,"{'open': 1346.1, 'high': 1450.2, 'low': 1346.1, 'close': 1199.4}"
2021-06-22 10:28:32+05:30,1380.6,25,"{'open': 1346.1, 'high': 1450.2, 'low': 1346.1, 'close': 1199.4}"
2021-06-22 10:28:34+05:30,1380.6,25,"{'open': 1346.1, 'high': 1450.2, 'low': 1346.1, 'close': 1199.4}"
2021-06-22 10:28:34+05:30,1380.6,25,"{'open': 1346.1, 'high': 1450.2, 'low': 1346.1, 'close': 1199.4}"
2021-06-22 10:28:35+05:30,1380.6,25,"{'open': 1346.1, 'high': 1450.2, 'low': 1346.1, 'close': 1199.4}"
2021-06-22 10:28:35+05:30,1380.6,25,"{'open': 1346.1, 'high': 1450.2, 'low': 1346.1, 'close': 1199.4}"
2021-06-22 10:28:36+05:30,1380.6,25,"{'open': 1346.1, 'high': 1450.2, 'low': 1346.1, 'close': 1199.4}"
2021-06-22 10:28:36+05:30,1380.6,25,"{'open': 1346.1, 'high': 1450.2, 'low': 1346.1, 'close': 1199.4}"
2021-06-22 10:28:37+05:30,1380.6,25,"{'open': 1346.1, 'high': 1450.2, 'low': 1346.1, 'close': 1199.4}"
2021-06-22 10:28:38+05:30,1380.6,25,"{'open': 1346.1, 'high': 1450.2, 'low': 1346.1, 'close': 1199.4}"
2021-06-22 10:28:38+05:30,1380.6,25,"{'open': 1346.1, 'high': 1450.2, 'low': 1346.1, 'close': 1199.4}"
2021-06-22 10:28:39+05:30,1380.6,25,"{'open': 1346.1, 'high': 1450.2, 'low': 1346.1, 'close': 1199.4}"
2021-06-22 10:28:40+05:30,1380.6,25,"{'open': 1346.1, 'high': 1450.2, 'low': 1346.1, 'close': 1199.4}"
2021-06-22 10:28:41+05:30,1380.6,25,"{'open': 1346.1, 'high': 1450.2, 'low': 1346.1, 'close': 1199.4}"
2021-06-22 10:28:41+05:30,1380.6,25,"{'open': 1346.1, 'high': 1450.2, 'low': 1346.1, 'close': 1199.4}"
2021-06-22 10:28:42+05:30,1380.6,25,"{'open': 1346.1, 'high': 1450.2, 'low': 1346.1, 'close': 1199.4}"
2021-06-22 10:28:42+05:30,1380.6,25,"{'open': 1346.1, 'high': 1450.2, 'low': 1346.1, 'close': 1199.4}"
2021-06-22 10:28:43+05:30,1380.6,25,"{'open': 1346.1, 'high': 1450.2, 'low': 1346.1, 'close': 1199.4}"
2021-06-22 10:28:44+05:30,1380.6,25,"{'open': 1346.1, 'high': 1450.2, 'low': 1346.1, 'close': 1199.4}"
2021-06-22 10:28:44+05:30,1380.6,25,"{'open': 1346.1, 'high': 1450.2, 'low': 1346.1, 'close': 1199.4}"
2021-06-22 10:28:45+05:30,1380.6,25,"{'open': 1346.1, 'high': 1450.2, 'low': 1346.1, 'close': 1199.4}"
2021-06-22 10:28:45+05:30,1380.6,25,"{'open': 1346.1, 'high': 1450.2, 'low': 1346.1, 'close': 1199.4}"
2021-06-22 10:28:46+05:30,1380.6,25,"{'open': 1346.1, 'high': 1450.2, 'low': 1346.1, 'close': 1199.4}"
2021-06-22 10:28:47+05:30,1380.6,25,"{'open': 1346.1, 'high': 1450.2, 'low': 1346.1, 'close': 1199.4}"
2021-06-22 10:28:48+05:30,1380.6,25,"{'open': 1346.1, 'high': 1450.2, 'low': 1346.1, 'close': 1199.4}"
2021-06-22 10:28:48+05:30,1380.6,25,"{'open': 1346.1, 'high': 1450.2, 'low': 1346.1, 'close': 1199.4}"
2021-06-22 10:28:49+05:30,1380.6,25,"{'open': 1346.1, 'high': 1450.2, 'low': 1346.1, 'close': 1199.4}"
2021-06-22 10:28:50+05:30,1380.6,25,"{'open': 1346.1, 'high': 1450.2, 'low': 1346.1, 'close': 1199.4}"
2021-06-22 10:28:50+05:30,1380.6,25,"{'open': 1346.1, 'high': 1450.2, 'low': 1346.1, 'close': 1199.4}"
2021-06-22 10:28:51+05:30,1380.6,25,"{'open': 1346.1, 'high': 1450.2, 'low': 1346.1, 'close': 1199.4}"
2021-06-22 10:28:51+05:30,1380.6,25,"{'open': 1346.1, 'high': 1450.2, 'low': 1346.1, 'close': 1199.4}"
2021-06-22 10:28:52+05:30,1380.6,25,"{'open': 1346.1, 'high': 1450.2, 'low': 1346.1, 'close': 1199.4}"
2021-06-22 10:28:53+05:30,1380.6,25,"{'open': 1346.1, 'high': 1450.2, 'low': 1346.1, 'close': 1199.4}"
2021-06-22 10:28:53+05:30,1380.6,25,"{'open': 1346.1, 'high': 1450.2, 'low': 1346.1, 'close': 1199.4}"
2021-06-22 10:28:54+05:30,1380.6,25,"{'open': 1346.1, 'high': 1450.2, 'low': 1346.1, 'close': 1199.4}"
2021-06-22 10:28:55+05:30,1380.6,25,"{'open': 1346.1, 'high': 1450.2, 'low': 1346.1, 'close': 1199.4}"
2021-06-22 10:28:56+05:30,1380.6,25,"{'open': 1346.1, 'high': 1450.2, 'low': 1346.1, 'close': 1199.4}"
2021-06-22 10:28:57+05:30,1380.6,25,"{'open': 1346.1, 'high': 1450.2, 'low': 1346.1, 'close': 1199.4}"
2021-06-22 10:28:57+05:30,1380.6,25,"{'open': 1346.1, 'high': 1450.2, 'low': 1346.1, 'close': 1199.4}"
2021-06-22 10:28:58+05:30,1380.6,25,"{'open': 1346.1, 'high': 1450.2, 'low': 1346.1, 'close': 1199.4}"
2021-06-22 10:28:59+05:30,1380.6,25,"{'open': 1346.1, 'high': 1450.2, 'low': 1346.1, 'close': 1199.4}"
2021-06-22 10:28:59+05:30,1380.6,25,"{'open': 1346.1, 'high': 1450.2, 'low': 1346.1, 'close': 1199.4}"
2021-06-22 10:29:00+05:30,1380.6,25,"{'open': 1346.1, 'high': 1450.2, 'low': 1346.1, 'close': 1199.4}"
2021-06-22 10:29:27+05:30,1380.6,25,"{'open': 1346.1, 'high': 1450.2, 'low': 1346.1, 'close': 1199.4}"
2021-06-22 10:29:33+05:30,1380.6,25,"{'open': 1346.1, 'high': 1450.2, 'low': 1346.1, 'close': 1199.4}"
2021-06-22 10:30:03+05:30,1380.6,25,"{'open': 1346.1, 'high': 1450.2, 'low': 1346.1, 'close': 1199.4}"
2021-06-22 10:32:53+05:30,1380.6,25,"{'open': 1346.1, 'high': 1450.2, 'low': 1346.1, 'close': 1199.4}"
